{
  "pages": [
    "Anton-Regular.png"
  ],
  "chars": [
    {
      "id": 106,
      "index": 803,
      "char": "j",
      "width": 13,
      "height": 48,
      "xoffset": -1,
      "yoffset": 4.403320000000001,
      "xadvance": 11.033203,
      "chnl": 15,
      "x": 0,
      "y": 0,
      "page": 0
    },
    {
      "id": 37,
      "index": 1017,
      "char": "%",
      "width": 47,
      "height": 41,
      "xoffset": -1,
      "yoffset": 7.403320000000001,
      "xadvance": 44.378906,
      "chnl": 15,
      "x": 14,
      "y": 0,
      "page": 0
    },
    {
      "id": 124,
      "index": 446,
      "char": "|",
      "width": 11,
      "height": 46,
      "xoffset": -1,
      "yoffset": 3.40332,
      "xadvance": 9.084961,
      "chnl": 15,
      "x": 62,
      "y": 0,
      "page": 0
    },
    {
      "id": 40,
      "index": 1011,
      "char": "(",
      "width": 14,
      "height": 45,
      "xoffset": -1,
      "yoffset": 6.403320000000001,
      "xadvance": 12.222656,
      "chnl": 15,
      "x": 74,
      "y": 0,
      "page": 0
    },
    {
      "id": 41,
      "index": 1013,
      "char": ")",
      "width": 14,
      "height": 45,
      "xoffset": -1,
      "yoffset": 6.403320000000001,
      "xadvance": 12.222656,
      "chnl": 15,
      "x": 89,
      "y": 0,
      "page": 0
    },
    {
      "id": 91,
      "index": 459,
      "char": "[",
      "width": 15,
      "height": 45,
      "xoffset": -1,
      "yoffset": 6.403320000000001,
      "xadvance": 13.350586,
      "chnl": 15,
      "x": 104,
      "y": 0,
      "page": 0
    },
    {
      "id": 93,
      "index": 461,
      "char": "]",
      "width": 15,
      "height": 45,
      "xoffset": -1,
      "yoffset": 6.403320000000001,
      "xadvance": 13.350586,
      "chnl": 15,
      "x": 14,
      "y": 42,
      "page": 0
    },
    {
      "id": 123,
      "index": 455,
      "char": "{",
      "width": 17,
      "height": 45,
      "xoffset": -1,
      "yoffset": 6.403320000000001,
      "xadvance": 14.273438,
      "chnl": 15,
      "x": 30,
      "y": 42,
      "page": 0
    },
    {
      "id": 125,
      "index": 457,
      "char": "}",
      "width": 17,
      "height": 45,
      "xoffset": -1,
      "yoffset": 6.403320000000001,
      "xadvance": 14.293945,
      "chnl": 15,
      "x": 48,
      "y": 47,
      "page": 0
    },
    {
      "id": 64,
      "index": 438,
      "char": "@",
      "width": 38,
      "height": 44,
      "xoffset": -1,
      "yoffset": 7.403320000000001,
      "xadvance": 36.298828,
      "chnl": 15,
      "x": 74,
      "y": 46,
      "page": 0
    },
    {
      "id": 81,
      "index": 252,
      "char": "Q",
      "width": 23,
      "height": 44,
      "xoffset": -1,
      "yoffset": 7.403320000000001,
      "xadvance": 20.733398,
      "chnl": 15,
      "x": 113,
      "y": 46,
      "page": 0
    },
    {
      "id": 105,
      "index": 764,
      "char": "i",
      "width": 11,
      "height": 43,
      "xoffset": -1,
      "yoffset": 4.403320000000001,
      "xadvance": 10.212891,
      "chnl": 15,
      "x": 0,
      "y": 49,
      "page": 0
    },
    {
      "id": 36,
      "index": 572,
      "char": "$",
      "width": 22,
      "height": 41,
      "xoffset": -1,
      "yoffset": 9.40332,
      "xadvance": 19.400391,
      "chnl": 15,
      "x": 120,
      "y": 0,
      "page": 0
    },
    {
      "id": 38,
      "index": 423,
      "char": "&",
      "width": 25,
      "height": 41,
      "xoffset": -1,
      "yoffset": 7.403320000000001,
      "xadvance": 21.84082,
      "chnl": 15,
      "x": 137,
      "y": 42,
      "page": 0
    },
    {
      "id": 48,
      "index": 1316,
      "char": "0",
      "width": 23,
      "height": 41,
      "xoffset": -1,
      "yoffset": 7.403320000000001,
      "xadvance": 20.753906,
      "chnl": 15,
      "x": 143,
      "y": 0,
      "page": 0
    },
    {
      "id": 51,
      "index": 1167,
      "char": "3",
      "width": 23,
      "height": 41,
      "xoffset": -1,
      "yoffset": 7.403320000000001,
      "xadvance": 20.753906,
      "chnl": 15,
      "x": 137,
      "y": 84,
      "page": 0
    },
    {
      "id": 53,
      "index": 678,
      "char": "5",
      "width": 23,
      "height": 41,
      "xoffset": -1,
      "yoffset": 7.403320000000001,
      "xadvance": 20.753906,
      "chnl": 15,
      "x": 161,
      "y": 84,
      "page": 0
    },
    {
      "id": 54,
      "index": 1133,
      "char": "6",
      "width": 23,
      "height": 41,
      "xoffset": -1,
      "yoffset": 7.403320000000001,
      "xadvance": 20.753906,
      "chnl": 15,
      "x": 163,
      "y": 42,
      "page": 0
    },
    {
      "id": 56,
      "index": 625,
      "char": "8",
      "width": 23,
      "height": 41,
      "xoffset": -1,
      "yoffset": 6.403320000000001,
      "xadvance": 20.753906,
      "chnl": 15,
      "x": 167,
      "y": 0,
      "page": 0
    },
    {
      "id": 57,
      "index": 901,
      "char": "9",
      "width": 23,
      "height": 41,
      "xoffset": -1,
      "yoffset": 7.403320000000001,
      "xadvance": 20.753906,
      "chnl": 15,
      "x": 185,
      "y": 84,
      "page": 0
    },
    {
      "id": 67,
      "index": 46,
      "char": "C",
      "width": 22,
      "height": 41,
      "xoffset": -1,
      "yoffset": 7.403320000000001,
      "xadvance": 19.913086,
      "chnl": 15,
      "x": 187,
      "y": 42,
      "page": 0
    },
    {
      "id": 71,
      "index": 109,
      "char": "G",
      "width": 22,
      "height": 41,
      "xoffset": -1,
      "yoffset": 7.403320000000001,
      "xadvance": 20.364258,
      "chnl": 15,
      "x": 191,
      "y": 0,
      "page": 0
    },
    {
      "id": 79,
      "index": 203,
      "char": "O",
      "width": 22,
      "height": 41,
      "xoffset": -1,
      "yoffset": 7.403320000000001,
      "xadvance": 20.425781,
      "chnl": 15,
      "x": 209,
      "y": 84,
      "page": 0
    },
    {
      "id": 83,
      "index": 266,
      "char": "S",
      "width": 22,
      "height": 41,
      "xoffset": -1,
      "yoffset": 7.403320000000001,
      "xadvance": 19.379883,
      "chnl": 15,
      "x": 210,
      "y": 42,
      "page": 0
    },
    {
      "id": 33,
      "index": 660,
      "char": "!",
      "width": 11,
      "height": 40,
      "xoffset": -1,
      "yoffset": 7.403320000000001,
      "xadvance": 9.618164,
      "chnl": 15,
      "x": 12,
      "y": 88,
      "page": 0
    },
    {
      "id": 47,
      "index": 1138,
      "char": "/",
      "width": 20,
      "height": 40,
      "xoffset": -1,
      "yoffset": 7.403320000000001,
      "xadvance": 17.021484,
      "chnl": 15,
      "x": 24,
      "y": 88,
      "page": 0
    },
    {
      "id": 49,
      "index": 979,
      "char": "1",
      "width": 16,
      "height": 40,
      "xoffset": -1,
      "yoffset": 7.403320000000001,
      "xadvance": 13.883789,
      "chnl": 15,
      "x": 214,
      "y": 0,
      "page": 0
    },
    {
      "id": 50,
      "index": 1183,
      "char": "2",
      "width": 23,
      "height": 40,
      "xoffset": -1,
      "yoffset": 7.403320000000001,
      "xadvance": 20.753906,
      "chnl": 15,
      "x": 233,
      "y": 0,
      "page": 0
    },
    {
      "id": 52,
      "index": 686,
      "char": "4",
      "width": 24,
      "height": 40,
      "xoffset": -2,
      "yoffset": 7.403320000000001,
      "xadvance": 20.753906,
      "chnl": 15,
      "x": 232,
      "y": 84,
      "page": 0
    },
    {
      "id": 55,
      "index": 1126,
      "char": "7",
      "width": 22,
      "height": 40,
      "xoffset": -1,
      "yoffset": 7.403320000000001,
      "xadvance": 20.753906,
      "chnl": 15,
      "x": 233,
      "y": 41,
      "page": 0
    },
    {
      "id": 63,
      "index": 1042,
      "char": "?",
      "width": 23,
      "height": 40,
      "xoffset": -1,
      "yoffset": 7.403320000000001,
      "xadvance": 20.671875,
      "chnl": 15,
      "x": 232,
      "y": 125,
      "page": 0
    },
    {
      "id": 65,
      "index": 4,
      "char": "A",
      "width": 23,
      "height": 40,
      "xoffset": -1,
      "yoffset": 7.403320000000001,
      "xadvance": 20.384766,
      "chnl": 15,
      "x": 66,
      "y": 91,
      "page": 0
    },
    {
      "id": 66,
      "index": 39,
      "char": "B",
      "width": 22,
      "height": 40,
      "xoffset": 0,
      "yoffset": 7.403320000000001,
      "xadvance": 20.097656,
      "chnl": 15,
      "x": 90,
      "y": 91,
      "page": 0
    },
    {
      "id": 68,
      "index": 56,
      "char": "D",
      "width": 22,
      "height": 40,
      "xoffset": 0,
      "yoffset": 7.403320000000001,
      "xadvance": 20.712891,
      "chnl": 15,
      "x": 113,
      "y": 91,
      "page": 0
    },
    {
      "id": 69,
      "index": 71,
      "char": "E",
      "width": 19,
      "height": 40,
      "xoffset": 0,
      "yoffset": 7.403320000000001,
      "xadvance": 17.288086,
      "chnl": 15,
      "x": 45,
      "y": 93,
      "page": 0
    },
    {
      "id": 70,
      "index": 106,
      "char": "F",
      "width": 18,
      "height": 40,
      "xoffset": 0,
      "yoffset": 7.403320000000001,
      "xadvance": 16.754883,
      "chnl": 15,
      "x": 0,
      "y": 129,
      "page": 0
    },
    {
      "id": 72,
      "index": 122,
      "char": "H",
      "width": 22,
      "height": 40,
      "xoffset": 0,
      "yoffset": 7.403320000000001,
      "xadvance": 20.958984,
      "chnl": 15,
      "x": 19,
      "y": 129,
      "page": 0
    },
    {
      "id": 73,
      "index": 134,
      "char": "I",
      "width": 11,
      "height": 40,
      "xoffset": -1,
      "yoffset": 7.403320000000001,
      "xadvance": 9.515625,
      "chnl": 15,
      "x": 0,
      "y": 170,
      "page": 0
    },
    {
      "id": 74,
      "index": 156,
      "char": "J",
      "width": 22,
      "height": 40,
      "xoffset": -1,
      "yoffset": 7.403320000000001,
      "xadvance": 19.584961,
      "chnl": 15,
      "x": 0,
      "y": 211,
      "page": 0
    },
    {
      "id": 75,
      "index": 160,
      "char": "K",
      "width": 23,
      "height": 40,
      "xoffset": 0,
      "yoffset": 7.403320000000001,
      "xadvance": 19.831055,
      "chnl": 15,
      "x": 12,
      "y": 170,
      "page": 0
    },
    {
      "id": 76,
      "index": 168,
      "char": "L",
      "width": 19,
      "height": 40,
      "xoffset": 0,
      "yoffset": 7.403320000000001,
      "xadvance": 16.693359,
      "chnl": 15,
      "x": 23,
      "y": 211,
      "page": 0
    },
    {
      "id": 77,
      "index": 184,
      "char": "M",
      "width": 32,
      "height": 40,
      "xoffset": 0,
      "yoffset": 7.403320000000001,
      "xadvance": 31.335938,
      "chnl": 15,
      "x": 36,
      "y": 170,
      "page": 0
    },
    {
      "id": 78,
      "index": 189,
      "char": "N",
      "width": 22,
      "height": 40,
      "xoffset": 0,
      "yoffset": 7.403320000000001,
      "xadvance": 20.917969,
      "chnl": 15,
      "x": 43,
      "y": 211,
      "page": 0
    },
    {
      "id": 80,
      "index": 247,
      "char": "P",
      "width": 22,
      "height": 40,
      "xoffset": 0,
      "yoffset": 7.403320000000001,
      "xadvance": 19.831055,
      "chnl": 15,
      "x": 66,
      "y": 211,
      "page": 0
    },
    {
      "id": 82,
      "index": 254,
      "char": "R",
      "width": 22,
      "height": 40,
      "xoffset": 0,
      "yoffset": 7.403320000000001,
      "xadvance": 20.015625,
      "chnl": 15,
      "x": 69,
      "y": 166,
      "page": 0
    },
    {
      "id": 84,
      "index": 281,
      "char": "T",
      "width": 20,
      "height": 40,
      "xoffset": -2,
      "yoffset": 7.403320000000001,
      "xadvance": 16.611328,
      "chnl": 15,
      "x": 89,
      "y": 207,
      "page": 0
    },
    {
      "id": 85,
      "index": 295,
      "char": "U",
      "width": 22,
      "height": 40,
      "xoffset": -1,
      "yoffset": 7.403320000000001,
      "xadvance": 19.892578,
      "chnl": 15,
      "x": 92,
      "y": 166,
      "page": 0
    },
    {
      "id": 86,
      "index": 328,
      "char": "V",
      "width": 23,
      "height": 40,
      "xoffset": -2,
      "yoffset": 7.403320000000001,
      "xadvance": 19.708008,
      "chnl": 15,
      "x": 110,
      "y": 207,
      "page": 0
    },
    {
      "id": 87,
      "index": 333,
      "char": "W",
      "width": 33,
      "height": 40,
      "xoffset": -1,
      "yoffset": 7.403320000000001,
      "xadvance": 29.900391,
      "chnl": 15,
      "x": 115,
      "y": 166,
      "page": 0
    },
    {
      "id": 88,
      "index": 341,
      "char": "X",
      "width": 23,
      "height": 40,
      "xoffset": -1,
      "yoffset": 7.403320000000001,
      "xadvance": 20.323242,
      "chnl": 15,
      "x": 134,
      "y": 207,
      "page": 0
    },
    {
      "id": 89,
      "index": 344,
      "char": "Y",
      "width": 22,
      "height": 40,
      "xoffset": -2,
      "yoffset": 7.403320000000001,
      "xadvance": 18.744141,
      "chnl": 15,
      "x": 149,
      "y": 166,
      "page": 0
    },
    {
      "id": 90,
      "index": 356,
      "char": "Z",
      "width": 20,
      "height": 40,
      "xoffset": -1,
      "yoffset": 7.403320000000001,
      "xadvance": 17.226563,
      "chnl": 15,
      "x": 158,
      "y": 207,
      "page": 0
    },
    {
      "id": 92,
      "index": 444,
      "char": "\\",
      "width": 20,
      "height": 40,
      "xoffset": -1,
      "yoffset": 7.403320000000001,
      "xadvance": 17.021484,
      "chnl": 15,
      "x": 172,
      "y": 166,
      "page": 0
    },
    {
      "id": 98,
      "index": 442,
      "char": "b",
      "width": 22,
      "height": 40,
      "xoffset": 0,
      "yoffset": 7.403320000000001,
      "xadvance": 21.061523,
      "chnl": 15,
      "x": 179,
      "y": 207,
      "page": 0
    },
    {
      "id": 100,
      "index": 546,
      "char": "d",
      "width": 22,
      "height": 40,
      "xoffset": -1,
      "yoffset": 7.403320000000001,
      "xadvance": 20.917969,
      "chnl": 15,
      "x": 193,
      "y": 166,
      "page": 0
    },
    {
      "id": 102,
      "index": 667,
      "char": "f",
      "width": 14,
      "height": 40,
      "xoffset": -1,
      "yoffset": 7.403320000000001,
      "xadvance": 11.771484,
      "chnl": 15,
      "x": 216,
      "y": 126,
      "page": 0
    },
    {
      "id": 103,
      "index": 694,
      "char": "g",
      "width": 23,
      "height": 40,
      "xoffset": -1,
      "yoffset": 12.40332,
      "xadvance": 21.164063,
      "chnl": 15,
      "x": 231,
      "y": 166,
      "page": 0
    },
    {
      "id": 104,
      "index": 734,
      "char": "h",
      "width": 22,
      "height": 40,
      "xoffset": -1,
      "yoffset": 7.403320000000001,
      "xadvance": 21.225586,
      "chnl": 15,
      "x": 202,
      "y": 207,
      "page": 0
    },
    {
      "id": 107,
      "index": 811,
      "char": "k",
      "width": 24,
      "height": 40,
      "xoffset": -1,
      "yoffset": 7.403320000000001,
      "xadvance": 20.610352,
      "chnl": 15,
      "x": 225,
      "y": 207,
      "page": 0
    },
    {
      "id": 108,
      "index": 824,
      "char": "l",
      "width": 11,
      "height": 40,
      "xoffset": -1,
      "yoffset": 7.403320000000001,
      "xadvance": 10.417969,
      "chnl": 15,
      "x": 256,
      "y": 41,
      "page": 0
    },
    {
      "id": 112,
      "index": 1007,
      "char": "p",
      "width": 22,
      "height": 40,
      "xoffset": -1,
      "yoffset": 12.40332,
      "xadvance": 21.061523,
      "chnl": 15,
      "x": 257,
      "y": 0,
      "page": 0
    },
    {
      "id": 113,
      "index": 1039,
      "char": "q",
      "width": 22,
      "height": 40,
      "xoffset": -1,
      "yoffset": 12.40332,
      "xadvance": 20.917969,
      "chnl": 15,
      "x": 250,
      "y": 207,
      "page": 0
    },
    {
      "id": 116,
      "index": 1146,
      "char": "t",
      "width": 15,
      "height": 40,
      "xoffset": -1,
      "yoffset": 7.403320000000001,
      "xadvance": 12.817383,
      "chnl": 15,
      "x": 255,
      "y": 166,
      "page": 0
    },
    {
      "id": 121,
      "index": 1282,
      "char": "y",
      "width": 23,
      "height": 40,
      "xoffset": -2,
      "yoffset": 12.40332,
      "xadvance": 19.359375,
      "chnl": 15,
      "x": 256,
      "y": 125,
      "page": 0
    },
    {
      "id": 35,
      "index": 914,
      "char": "#",
      "width": 25,
      "height": 37,
      "xoffset": -1,
      "yoffset": 10.40332,
      "xadvance": 22.948242,
      "chnl": 15,
      "x": 136,
      "y": 126,
      "page": 0
    },
    {
      "id": 97,
      "index": 364,
      "char": "a",
      "width": 22,
      "height": 35,
      "xoffset": -1,
      "yoffset": 12.40332,
      "xadvance": 20.302734,
      "chnl": 15,
      "x": 42,
      "y": 134,
      "page": 0
    },
    {
      "id": 99,
      "index": 484,
      "char": "c",
      "width": 22,
      "height": 35,
      "xoffset": -1,
      "yoffset": 12.40332,
      "xadvance": 20.630859,
      "chnl": 15,
      "x": 162,
      "y": 126,
      "page": 0
    },
    {
      "id": 101,
      "index": 589,
      "char": "e",
      "width": 22,
      "height": 35,
      "xoffset": -1,
      "yoffset": 12.40332,
      "xadvance": 20.507813,
      "chnl": 15,
      "x": 185,
      "y": 126,
      "page": 0
    },
    {
      "id": 109,
      "index": 862,
      "char": "m",
      "width": 33,
      "height": 35,
      "xoffset": -1,
      "yoffset": 12.40332,
      "xadvance": 31.848633,
      "chnl": 15,
      "x": 271,
      "y": 166,
      "page": 0
    },
    {
      "id": 110,
      "index": 884,
      "char": "n",
      "width": 22,
      "height": 35,
      "xoffset": -1,
      "yoffset": 12.40332,
      "xadvance": 20.938477,
      "chnl": 15,
      "x": 257,
      "y": 82,
      "page": 0
    },
    {
      "id": 111,
      "index": 916,
      "char": "o",
      "width": 22,
      "height": 35,
      "xoffset": -1,
      "yoffset": 12.40332,
      "xadvance": 20.856445,
      "chnl": 15,
      "x": 268,
      "y": 41,
      "page": 0
    },
    {
      "id": 114,
      "index": 1060,
      "char": "r",
      "width": 17,
      "height": 35,
      "xoffset": -1,
      "yoffset": 12.40332,
      "xadvance": 14.560547,
      "chnl": 15,
      "x": 280,
      "y": 0,
      "page": 0
    },
    {
      "id": 115,
      "index": 1096,
      "char": "s",
      "width": 22,
      "height": 35,
      "xoffset": -1,
      "yoffset": 12.40332,
      "xadvance": 19.933594,
      "chnl": 15,
      "x": 273,
      "y": 202,
      "page": 0
    },
    {
      "id": 117,
      "index": 1189,
      "char": "u",
      "width": 22,
      "height": 35,
      "xoffset": -1,
      "yoffset": 12.40332,
      "xadvance": 20.958984,
      "chnl": 15,
      "x": 296,
      "y": 202,
      "page": 0
    },
    {
      "id": 118,
      "index": 1251,
      "char": "v",
      "width": 22,
      "height": 35,
      "xoffset": -2,
      "yoffset": 12.40332,
      "xadvance": 19.359375,
      "chnl": 15,
      "x": 280,
      "y": 77,
      "page": 0
    },
    {
      "id": 119,
      "index": 1261,
      "char": "w",
      "width": 31,
      "height": 35,
      "xoffset": -1,
      "yoffset": 12.40332,
      "xadvance": 29.244141,
      "chnl": 15,
      "x": 291,
      "y": 36,
      "page": 0
    },
    {
      "id": 120,
      "index": 1278,
      "char": "x",
      "width": 23,
      "height": 35,
      "xoffset": -2,
      "yoffset": 12.40332,
      "xadvance": 19.277344,
      "chnl": 15,
      "x": 298,
      "y": 0,
      "page": 0
    },
    {
      "id": 122,
      "index": 1305,
      "char": "z",
      "width": 19,
      "height": 35,
      "xoffset": -1,
      "yoffset": 12.40332,
      "xadvance": 16.201172,
      "chnl": 15,
      "x": 322,
      "y": 0,
      "page": 0
    },
    {
      "id": 59,
      "index": 1125,
      "char": ";",
      "width": 12,
      "height": 30,
      "xoffset": -1,
      "yoffset": 17.40332,
      "xadvance": 10.294922,
      "chnl": 15,
      "x": 216,
      "y": 167,
      "page": 0
    },
    {
      "id": 60,
      "index": 846,
      "char": "<",
      "width": 16,
      "height": 27,
      "xoffset": -1,
      "yoffset": 16.40332,
      "xadvance": 13.494141,
      "chnl": 15,
      "x": 65,
      "y": 132,
      "page": 0
    },
    {
      "id": 62,
      "index": 722,
      "char": ">",
      "width": 16,
      "height": 27,
      "xoffset": -1,
      "yoffset": 16.40332,
      "xadvance": 13.494141,
      "chnl": 15,
      "x": 82,
      "y": 132,
      "page": 0
    },
    {
      "id": 58,
      "index": 528,
      "char": ":",
      "width": 11,
      "height": 25,
      "xoffset": -1,
      "yoffset": 17.40332,
      "xadvance": 10.151367,
      "chnl": 15,
      "x": 0,
      "y": 93,
      "page": 0
    },
    {
      "id": 126,
      "index": 435,
      "char": "~",
      "width": 24,
      "height": 11,
      "xoffset": -1,
      "yoffset": 19.40332,
      "xadvance": 20.692383,
      "chnl": 15,
      "x": 273,
      "y": 238,
      "page": 0
    },
    {
      "id": 94,
      "index": 434,
      "char": "^",
      "width": 22,
      "height": 23,
      "xoffset": -1,
      "yoffset": 15.40332,
      "xadvance": 19.892578,
      "chnl": 15,
      "x": 99,
      "y": 132,
      "page": 0
    },
    {
      "id": 42,
      "index": 436,
      "char": "*",
      "width": 22,
      "height": 21,
      "xoffset": -1,
      "yoffset": 10.40332,
      "xadvance": 18.990234,
      "chnl": 15,
      "x": 280,
      "y": 113,
      "page": 0
    },
    {
      "id": 34,
      "index": 1046,
      "char": "\"",
      "width": 20,
      "height": 17,
      "xoffset": -1,
      "yoffset": 7.403320000000001,
      "xadvance": 18.005859,
      "chnl": 15,
      "x": 298,
      "y": 238,
      "page": 0
    },
    {
      "id": 39,
      "index": 1058,
      "char": "'",
      "width": 11,
      "height": 17,
      "xoffset": -1,
      "yoffset": 7.403320000000001,
      "xadvance": 8.982422,
      "chnl": 15,
      "x": 122,
      "y": 132,
      "page": 0
    },
    {
      "id": 43,
      "index": 1033,
      "char": "+",
      "width": 17,
      "height": 17,
      "xoffset": -1,
      "yoffset": 24.40332,
      "xadvance": 14.929688,
      "chnl": 15,
      "x": 280,
      "y": 135,
      "page": 0
    },
    {
      "id": 95,
      "index": 1234,
      "char": "_",
      "width": 17,
      "height": 9,
      "xoffset": -1,
      "yoffset": 46.40332,
      "xadvance": 15.339844,
      "chnl": 15,
      "x": 99,
      "y": 156,
      "page": 0
    },
    {
      "id": 61,
      "index": 649,
      "char": "=",
      "width": 15,
      "height": 16,
      "xoffset": -1,
      "yoffset": 20.40332,
      "xadvance": 13.063477,
      "chnl": 15,
      "x": 298,
      "y": 135,
      "page": 0
    },
    {
      "id": 44,
      "index": 531,
      "char": ",",
      "width": 12,
      "height": 15,
      "xoffset": -1,
      "yoffset": 37.40332,
      "xadvance": 9.925781,
      "chnl": 15,
      "x": 122,
      "y": 150,
      "page": 0
    },
    {
      "id": 45,
      "index": 761,
      "char": "-",
      "width": 15,
      "height": 9,
      "xoffset": -1,
      "yoffset": 28.40332,
      "xadvance": 13.063477,
      "chnl": 15,
      "x": 280,
      "y": 153,
      "page": 0
    },
    {
      "id": 96,
      "index": 717,
      "char": "`",
      "width": 14,
      "height": 13,
      "xoffset": -1,
      "yoffset": 2.40332,
      "xadvance": 13.330078,
      "chnl": 15,
      "x": 298,
      "y": 152,
      "page": 0
    },
    {
      "id": 46,
      "index": 1018,
      "char": ".",
      "width": 11,
      "height": 10,
      "xoffset": -1,
      "yoffset": 37.40332,
      "xadvance": 9.597656,
      "chnl": 15,
      "x": 305,
      "y": 166,
      "page": 0
    },
    {
      "id": 32,
      "index": 1142,
      "char": " ",
      "width": 0,
      "height": 0,
      "xoffset": -2,
      "yoffset": 43.40332,
      "xadvance": 9.84375,
      "chnl": 15,
      "x": 214,
      "y": 41,
      "page": 0
    }
  ],
  "info": {
    "face": "Anton-Regular",
    "size": 42,
    "bold": 0,
    "italic": 0,
    "charset": [
      " ",
      "!",
      "\"",
      "#",
      "$",
      "%",
      "&",
      "'",
      "(",
      ")",
      "*",
      "+",
      ",",
      "-",
      ".",
      "/",
      "0",
      "1",
      "2",
      "3",
      "4",
      "5",
      "6",
      "7",
      "8",
      "9",
      ":",
      ";",
      "<",
      "=",
      ">",
      "?",
      "@",
      "A",
      "B",
      "C",
      "D",
      "E",
      "F",
      "G",
      "H",
      "I",
      "J",
      "K",
      "L",
      "M",
      "N",
      "O",
      "P",
      "Q",
      "R",
      "S",
      "T",
      "U",
      "V",
      "W",
      "X",
      "Y",
      "Z",
      "[",
      "\\",
      "]",
      "^",
      "_",
      "`",
      "a",
      "b",
      "c",
      "d",
      "e",
      "f",
      "g",
      "h",
      "i",
      "j",
      "k",
      "l",
      "m",
      "n",
      "o",
      "p",
      "q",
      "r",
      "s",
      "t",
      "u",
      "v",
      "w",
      "x",
      "y",
      "z",
      "{",
      "|",
      "}",
      "~"
    ],
    "unicode": 1,
    "stretchH": 100,
    "smooth": 1,
    "aa": 1,
    "padding": [
      2,
      2,
      2,
      2
    ],
    "spacing": [
      0,
      0
    ],
    "outline": 0
  },
  "common": {
    "lineHeight": 63.225586,
    "base": 47.40332,
    "scaleW": 512,
    "scaleH": 256,
    "pages": 1,
    "packed": 0,
    "alphaChnl": 0,
    "redChnl": 0,
    "greenChnl": 0,
    "blueChnl": 0
  },
  "distanceField": {
    "fieldType": "msdf",
    "distanceRange": 4
  },
  "kernings": [
    {
      "first": 65,
      "second": 84,
      "amount": -0.533203
    },
    {
      "first": 65,
      "second": 86,
      "amount": -0.902344
    },
    {
      "first": 65,
      "second": 87,
      "amount": -0.574219
    },
    {
      "first": 65,
      "second": 89,
      "amount": -0.984375
    },
    {
      "first": 70,
      "second": 65,
      "amount": -0.348633
    },
    {
      "first": 76,
      "second": 84,
      "amount": -1.3125
    },
    {
      "first": 76,
      "second": 86,
      "amount": -0.881836
    },
    {
      "first": 76,
      "second": 87,
      "amount": -0.369141
    },
    {
      "first": 76,
      "second": 89,
      "amount": -1.3125
    },
    {
      "first": 80,
      "second": 65,
      "amount": -0.615234
    },
    {
      "first": 84,
      "second": 65,
      "amount": -0.533203
    },
    {
      "first": 84,
      "second": 97,
      "amount": -0.779297
    },
    {
      "first": 84,
      "second": 111,
      "amount": -0.922852
    },
    {
      "first": 86,
      "second": 65,
      "amount": -0.861328
    },
    {
      "first": 87,
      "second": 65,
      "amount": -0.574219
    },
    {
      "first": 89,
      "second": 65,
      "amount": -0.984375
    },
    {
      "first": 89,
      "second": 74,
      "amount": -1.517578
    },
    {
      "first": 99,
      "second": 120,
      "amount": -0.65625
    },
    {
      "first": 101,
      "second": 120,
      "amount": -0.574219
    },
    {
      "first": 120,
      "second": 99,
      "amount": -0.779297
    },
    {
      "first": 120,
      "second": 101,
      "amount": -0.779297
    },
    {
      "first": 120,
      "second": 111,
      "amount": -0.779297
    }
  ],
  "lightningMetrics": {
    "ascender": 2409,
    "descender": -674,
    "lineGap": 0,
    "unitsPerEm": 2048
  }
}