{
  "pages": [
    "Inter_24pt-Regular.png"
  ],
  "chars": [
    {
      "id": 124,
      "index": 1454,
      "char": "|",
      "width": 7,
      "height": 54,
      "xoffset": 3,
      "yoffset": -5.3125,
      "xadvance": 13.104492,
      "chnl": 15,
      "x": 0,
      "y": 0,
      "page": 0
    },
    {
      "id": 36,
      "index": 1307,
      "char": "$",
      "width": 26,
      "height": 44,
      "xoffset": 0,
      "yoffset": -0.3125,
      "xadvance": 26.311523,
      "chnl": 15,
      "x": 8,
      "y": 0,
      "page": 0
    },
    {
      "id": 106,
      "index": 719,
      "char": "j",
      "width": 12,
      "height": 44,
      "xoffset": -3,
      "yoffset": 3.6875,
      "xadvance": 9.331055,
      "chnl": 15,
      "x": 35,
      "y": 0,
      "page": 0
    },
    {
      "id": 87,
      "index": 459,
      "char": "W",
      "width": 43,
      "height": 35,
      "xoffset": -1,
      "yoffset": 3.6875,
      "xadvance": 40.543945,
      "chnl": 15,
      "x": 48,
      "y": 0,
      "page": 0
    },
    {
      "id": 40,
      "index": 1435,
      "char": "(",
      "width": 13,
      "height": 42,
      "xoffset": 2,
      "yoffset": 2.6875,
      "xadvance": 13.78125,
      "chnl": 15,
      "x": 92,
      "y": 0,
      "page": 0
    },
    {
      "id": 41,
      "index": 1436,
      "char": ")",
      "width": 13,
      "height": 42,
      "xoffset": 0,
      "yoffset": 2.6875,
      "xadvance": 13.78125,
      "chnl": 15,
      "x": 106,
      "y": 0,
      "page": 0
    },
    {
      "id": 64,
      "index": 1443,
      "char": "@",
      "width": 40,
      "height": 42,
      "xoffset": 0,
      "yoffset": 4.6875,
      "xadvance": 40.749023,
      "chnl": 15,
      "x": 48,
      "y": 36,
      "page": 0
    },
    {
      "id": 91,
      "index": 1437,
      "char": "[",
      "width": 12,
      "height": 42,
      "xoffset": 2,
      "yoffset": 2.6875,
      "xadvance": 13.78125,
      "chnl": 15,
      "x": 0,
      "y": 79,
      "page": 0
    },
    {
      "id": 93,
      "index": 1439,
      "char": "]",
      "width": 12,
      "height": 42,
      "xoffset": 0,
      "yoffset": 2.6875,
      "xadvance": 13.78125,
      "chnl": 15,
      "x": 13,
      "y": 79,
      "page": 0
    },
    {
      "id": 123,
      "index": 1441,
      "char": "{",
      "width": 16,
      "height": 42,
      "xoffset": 1,
      "yoffset": 2.6875,
      "xadvance": 16.939453,
      "chnl": 15,
      "x": 26,
      "y": 45,
      "page": 0
    },
    {
      "id": 125,
      "index": 1442,
      "char": "}",
      "width": 16,
      "height": 42,
      "xoffset": 0,
      "yoffset": 2.6875,
      "xadvance": 16.939453,
      "chnl": 15,
      "x": 43,
      "y": 79,
      "page": 0
    },
    {
      "id": 47,
      "index": 1453,
      "char": "/",
      "width": 17,
      "height": 41,
      "xoffset": -1,
      "yoffset": 2.6875,
      "xadvance": 14.314453,
      "chnl": 15,
      "x": 60,
      "y": 79,
      "page": 0
    },
    {
      "id": 92,
      "index": 1456,
      "char": "\\",
      "width": 17,
      "height": 41,
      "xoffset": -1,
      "yoffset": 2.6875,
      "xadvance": 14.314453,
      "chnl": 15,
      "x": 78,
      "y": 79,
      "page": 0
    },
    {
      "id": 81,
      "index": 382,
      "char": "Q",
      "width": 31,
      "height": 38,
      "xoffset": 0,
      "yoffset": 3.6875,
      "xadvance": 31.746094,
      "chnl": 15,
      "x": 96,
      "y": 43,
      "page": 0
    },
    {
      "id": 37,
      "index": 1742,
      "char": "%",
      "width": 35,
      "height": 36,
      "xoffset": 2,
      "yoffset": 3.6875,
      "xadvance": 38.021484,
      "chnl": 15,
      "x": 120,
      "y": 0,
      "page": 0
    },
    {
      "id": 83,
      "index": 397,
      "char": "S",
      "width": 26,
      "height": 36,
      "xoffset": 0,
      "yoffset": 3.6875,
      "xadvance": 26.311523,
      "chnl": 15,
      "x": 96,
      "y": 82,
      "page": 0
    },
    {
      "id": 103,
      "index": 658,
      "char": "g",
      "width": 24,
      "height": 36,
      "xoffset": 0,
      "yoffset": 11.6875,
      "xadvance": 24.650391,
      "chnl": 15,
      "x": 123,
      "y": 82,
      "page": 0
    },
    {
      "id": 33,
      "index": 1425,
      "char": "!",
      "width": 9,
      "height": 35,
      "xoffset": 1,
      "yoffset": 3.6875,
      "xadvance": 10.5,
      "chnl": 15,
      "x": 26,
      "y": 88,
      "page": 0
    },
    {
      "id": 35,
      "index": 1451,
      "char": "#",
      "width": 29,
      "height": 35,
      "xoffset": -2,
      "yoffset": 3.6875,
      "xadvance": 25.819336,
      "chnl": 15,
      "x": 128,
      "y": 37,
      "page": 0
    },
    {
      "id": 38,
      "index": 1423,
      "char": "&",
      "width": 28,
      "height": 35,
      "xoffset": 0,
      "yoffset": 3.6875,
      "xadvance": 26.208984,
      "chnl": 15,
      "x": 156,
      "y": 0,
      "page": 0
    },
    {
      "id": 48,
      "index": 1339,
      "char": "0",
      "width": 26,
      "height": 35,
      "xoffset": 0,
      "yoffset": 3.6875,
      "xadvance": 26.085938,
      "chnl": 15,
      "x": 148,
      "y": 73,
      "page": 0
    },
    {
      "id": 49,
      "index": 1340,
      "char": "1",
      "width": 15,
      "height": 35,
      "xoffset": -1,
      "yoffset": 3.6875,
      "xadvance": 16.037109,
      "chnl": 15,
      "x": 158,
      "y": 36,
      "page": 0
    },
    {
      "id": 50,
      "index": 1341,
      "char": "2",
      "width": 24,
      "height": 35,
      "xoffset": 0,
      "yoffset": 3.6875,
      "xadvance": 24.46582,
      "chnl": 15,
      "x": 174,
      "y": 36,
      "page": 0
    },
    {
      "id": 51,
      "index": 1343,
      "char": "3",
      "width": 25,
      "height": 35,
      "xoffset": 0,
      "yoffset": 3.6875,
      "xadvance": 25.491211,
      "chnl": 15,
      "x": 185,
      "y": 0,
      "page": 0
    },
    {
      "id": 52,
      "index": 1344,
      "char": "4",
      "width": 27,
      "height": 35,
      "xoffset": 0,
      "yoffset": 3.6875,
      "xadvance": 26.475586,
      "chnl": 15,
      "x": 211,
      "y": 0,
      "page": 0
    },
    {
      "id": 53,
      "index": 1345,
      "char": "5",
      "width": 24,
      "height": 35,
      "xoffset": 0,
      "yoffset": 3.6875,
      "xadvance": 24.527344,
      "chnl": 15,
      "x": 175,
      "y": 72,
      "page": 0
    },
    {
      "id": 54,
      "index": 1347,
      "char": "6",
      "width": 25,
      "height": 35,
      "xoffset": 0,
      "yoffset": 3.6875,
      "xadvance": 25.204102,
      "chnl": 15,
      "x": 199,
      "y": 36,
      "page": 0
    },
    {
      "id": 55,
      "index": 1348,
      "char": "7",
      "width": 24,
      "height": 35,
      "xoffset": -1,
      "yoffset": 3.6875,
      "xadvance": 22.599609,
      "chnl": 15,
      "x": 225,
      "y": 36,
      "page": 0
    },
    {
      "id": 56,
      "index": 1349,
      "char": "8",
      "width": 25,
      "height": 35,
      "xoffset": 0,
      "yoffset": 3.6875,
      "xadvance": 25.12207,
      "chnl": 15,
      "x": 200,
      "y": 72,
      "page": 0
    },
    {
      "id": 57,
      "index": 1350,
      "char": "9",
      "width": 25,
      "height": 35,
      "xoffset": 0,
      "yoffset": 3.6875,
      "xadvance": 25.204102,
      "chnl": 15,
      "x": 226,
      "y": 72,
      "page": 0
    },
    {
      "id": 63,
      "index": 1429,
      "char": "?",
      "width": 22,
      "height": 35,
      "xoffset": -1,
      "yoffset": 3.6875,
      "xadvance": 21.758789,
      "chnl": 15,
      "x": 0,
      "y": 122,
      "page": 0
    },
    {
      "id": 65,
      "index": 2,
      "char": "A",
      "width": 31,
      "height": 35,
      "xoffset": -1,
      "yoffset": 3.6875,
      "xadvance": 28.116211,
      "chnl": 15,
      "x": 175,
      "y": 108,
      "page": 0
    },
    {
      "id": 66,
      "index": 65,
      "char": "B",
      "width": 26,
      "height": 35,
      "xoffset": 1,
      "yoffset": 3.6875,
      "xadvance": 27.111328,
      "chnl": 15,
      "x": 148,
      "y": 109,
      "page": 0
    },
    {
      "id": 67,
      "index": 73,
      "char": "C",
      "width": 30,
      "height": 35,
      "xoffset": 0,
      "yoffset": 3.6875,
      "xadvance": 30.495117,
      "chnl": 15,
      "x": 207,
      "y": 108,
      "page": 0
    },
    {
      "id": 68,
      "index": 84,
      "char": "D",
      "width": 28,
      "height": 35,
      "xoffset": 1,
      "yoffset": 3.6875,
      "xadvance": 29.551758,
      "chnl": 15,
      "x": 96,
      "y": 119,
      "page": 0
    },
    {
      "id": 69,
      "index": 95,
      "char": "E",
      "width": 23,
      "height": 35,
      "xoffset": 1,
      "yoffset": 3.6875,
      "xadvance": 24.75293,
      "chnl": 15,
      "x": 60,
      "y": 121,
      "page": 0
    },
    {
      "id": 70,
      "index": 137,
      "char": "F",
      "width": 23,
      "height": 35,
      "xoffset": 1,
      "yoffset": 3.6875,
      "xadvance": 23.953125,
      "chnl": 15,
      "x": 36,
      "y": 122,
      "page": 0
    },
    {
      "id": 71,
      "index": 141,
      "char": "G",
      "width": 31,
      "height": 35,
      "xoffset": 0,
      "yoffset": 3.6875,
      "xadvance": 30.966797,
      "chnl": 15,
      "x": 175,
      "y": 144,
      "page": 0
    },
    {
      "id": 72,
      "index": 161,
      "char": "H",
      "width": 28,
      "height": 35,
      "xoffset": 1,
      "yoffset": 3.6875,
      "xadvance": 30.392578,
      "chnl": 15,
      "x": 207,
      "y": 144,
      "page": 0
    },
    {
      "id": 73,
      "index": 197,
      "char": "I",
      "width": 8,
      "height": 35,
      "xoffset": 1,
      "yoffset": 3.6875,
      "xadvance": 10.438477,
      "chnl": 15,
      "x": 239,
      "y": 0,
      "page": 0
    },
    {
      "id": 74,
      "index": 266,
      "char": "J",
      "width": 22,
      "height": 35,
      "xoffset": 0,
      "yoffset": 3.6875,
      "xadvance": 23.132813,
      "chnl": 15,
      "x": 125,
      "y": 119,
      "page": 0
    },
    {
      "id": 75,
      "index": 271,
      "char": "K",
      "width": 27,
      "height": 35,
      "xoffset": 1,
      "yoffset": 3.6875,
      "xadvance": 27.336914,
      "chnl": 15,
      "x": 0,
      "y": 180,
      "page": 0
    },
    {
      "id": 76,
      "index": 281,
      "char": "L",
      "width": 22,
      "height": 35,
      "xoffset": 1,
      "yoffset": 3.6875,
      "xadvance": 23.050781,
      "chnl": 15,
      "x": 148,
      "y": 145,
      "page": 0
    },
    {
      "id": 77,
      "index": 292,
      "char": "M",
      "width": 34,
      "height": 35,
      "xoffset": 1,
      "yoffset": 3.6875,
      "xadvance": 36.873047,
      "chnl": 15,
      "x": 0,
      "y": 216,
      "page": 0
    },
    {
      "id": 78,
      "index": 300,
      "char": "N",
      "width": 28,
      "height": 35,
      "xoffset": 1,
      "yoffset": 3.6875,
      "xadvance": 30.638672,
      "chnl": 15,
      "x": 28,
      "y": 158,
      "page": 0
    },
    {
      "id": 79,
      "index": 321,
      "char": "O",
      "width": 31,
      "height": 35,
      "xoffset": 0,
      "yoffset": 3.6875,
      "xadvance": 31.746094,
      "chnl": 15,
      "x": 35,
      "y": 194,
      "page": 0
    },
    {
      "id": 80,
      "index": 375,
      "char": "P",
      "width": 25,
      "height": 35,
      "xoffset": 1,
      "yoffset": 3.6875,
      "xadvance": 26.188477,
      "chnl": 15,
      "x": 57,
      "y": 158,
      "page": 0
    },
    {
      "id": 82,
      "index": 384,
      "char": "R",
      "width": 26,
      "height": 35,
      "xoffset": 1,
      "yoffset": 3.6875,
      "xadvance": 26.762695,
      "chnl": 15,
      "x": 67,
      "y": 194,
      "page": 0
    },
    {
      "id": 84,
      "index": 411,
      "char": "T",
      "width": 27,
      "height": 35,
      "xoffset": -1,
      "yoffset": 3.6875,
      "xadvance": 26.291016,
      "chnl": 15,
      "x": 83,
      "y": 157,
      "page": 0
    },
    {
      "id": 85,
      "index": 424,
      "char": "U",
      "width": 28,
      "height": 35,
      "xoffset": 1,
      "yoffset": 3.6875,
      "xadvance": 30.290039,
      "chnl": 15,
      "x": 111,
      "y": 155,
      "page": 0
    },
    {
      "id": 86,
      "index": 456,
      "char": "V",
      "width": 31,
      "height": 35,
      "xoffset": -1,
      "yoffset": 3.6875,
      "xadvance": 28.116211,
      "chnl": 15,
      "x": 94,
      "y": 193,
      "page": 0
    },
    {
      "id": 88,
      "index": 466,
      "char": "X",
      "width": 30,
      "height": 35,
      "xoffset": -1,
      "yoffset": 3.6875,
      "xadvance": 27.788086,
      "chnl": 15,
      "x": 126,
      "y": 191,
      "page": 0
    },
    {
      "id": 89,
      "index": 472,
      "char": "Y",
      "width": 30,
      "height": 35,
      "xoffset": -1,
      "yoffset": 3.6875,
      "xadvance": 27.665039,
      "chnl": 15,
      "x": 157,
      "y": 181,
      "page": 0
    },
    {
      "id": 90,
      "index": 496,
      "char": "Z",
      "width": 26,
      "height": 35,
      "xoffset": 0,
      "yoffset": 3.6875,
      "xadvance": 26.044922,
      "chnl": 15,
      "x": 157,
      "y": 217,
      "page": 0
    },
    {
      "id": 98,
      "index": 578,
      "char": "b",
      "width": 24,
      "height": 35,
      "xoffset": 1,
      "yoffset": 3.6875,
      "xadvance": 24.629883,
      "chnl": 15,
      "x": 184,
      "y": 217,
      "page": 0
    },
    {
      "id": 100,
      "index": 597,
      "char": "d",
      "width": 24,
      "height": 35,
      "xoffset": 0,
      "yoffset": 3.6875,
      "xadvance": 24.629883,
      "chnl": 15,
      "x": 188,
      "y": 180,
      "page": 0
    },
    {
      "id": 102,
      "index": 647,
      "char": "f",
      "width": 17,
      "height": 35,
      "xoffset": -2,
      "yoffset": 3.6875,
      "xadvance": 14.047852,
      "chnl": 15,
      "x": 238,
      "y": 108,
      "page": 0
    },
    {
      "id": 104,
      "index": 670,
      "char": "h",
      "width": 22,
      "height": 35,
      "xoffset": 1,
      "yoffset": 3.6875,
      "xadvance": 23.789063,
      "chnl": 15,
      "x": 209,
      "y": 216,
      "page": 0
    },
    {
      "id": 105,
      "index": 689,
      "char": "i",
      "width": 9,
      "height": 35,
      "xoffset": 0,
      "yoffset": 3.6875,
      "xadvance": 9.331055,
      "chnl": 15,
      "x": 84,
      "y": 121,
      "page": 0
    },
    {
      "id": 107,
      "index": 727,
      "char": "k",
      "width": 23,
      "height": 35,
      "xoffset": 1,
      "yoffset": 3.6875,
      "xadvance": 22.086914,
      "chnl": 15,
      "x": 213,
      "y": 180,
      "page": 0
    },
    {
      "id": 108,
      "index": 736,
      "char": "l",
      "width": 8,
      "height": 35,
      "xoffset": 1,
      "yoffset": 3.6875,
      "xadvance": 9.331055,
      "chnl": 15,
      "x": 248,
      "y": 0,
      "page": 0
    },
    {
      "id": 112,
      "index": 843,
      "char": "p",
      "width": 24,
      "height": 35,
      "xoffset": 1,
      "yoffset": 11.6875,
      "xadvance": 24.629883,
      "chnl": 15,
      "x": 232,
      "y": 216,
      "page": 0
    },
    {
      "id": 113,
      "index": 849,
      "char": "q",
      "width": 24,
      "height": 35,
      "xoffset": 0,
      "yoffset": 11.6875,
      "xadvance": 24.629883,
      "chnl": 15,
      "x": 236,
      "y": 144,
      "page": 0
    },
    {
      "id": 119,
      "index": 982,
      "char": "w",
      "width": 35,
      "height": 26,
      "xoffset": -1,
      "yoffset": 12.6875,
      "xadvance": 32.8125,
      "chnl": 15,
      "x": 35,
      "y": 230,
      "page": 0
    },
    {
      "id": 121,
      "index": 996,
      "char": "y",
      "width": 25,
      "height": 35,
      "xoffset": -1,
      "yoffset": 12.6875,
      "xadvance": 22.435547,
      "chnl": 15,
      "x": 250,
      "y": 36,
      "page": 0
    },
    {
      "id": 109,
      "index": 766,
      "char": "m",
      "width": 34,
      "height": 27,
      "xoffset": 1,
      "yoffset": 11.6875,
      "xadvance": 35.929688,
      "chnl": 15,
      "x": 94,
      "y": 229,
      "page": 0
    },
    {
      "id": 59,
      "index": 1506,
      "char": ";",
      "width": 10,
      "height": 32,
      "xoffset": 0,
      "yoffset": 13.6875,
      "xadvance": 10.828125,
      "chnl": 15,
      "x": 8,
      "y": 45,
      "page": 0
    },
    {
      "id": 116,
      "index": 888,
      "char": "t",
      "width": 16,
      "height": 32,
      "xoffset": -2,
      "yoffset": 6.6875,
      "xadvance": 13.371094,
      "chnl": 15,
      "x": 237,
      "y": 180,
      "page": 0
    },
    {
      "id": 97,
      "index": 507,
      "char": "a",
      "width": 22,
      "height": 27,
      "xoffset": 0,
      "yoffset": 11.6875,
      "xadvance": 22.558594,
      "chnl": 15,
      "x": 129,
      "y": 227,
      "page": 0
    },
    {
      "id": 99,
      "index": 586,
      "char": "c",
      "width": 23,
      "height": 27,
      "xoffset": 0,
      "yoffset": 11.6875,
      "xadvance": 22.866211,
      "chnl": 15,
      "x": 252,
      "y": 72,
      "page": 0
    },
    {
      "id": 101,
      "index": 614,
      "char": "e",
      "width": 24,
      "height": 27,
      "xoffset": 0,
      "yoffset": 11.6875,
      "xadvance": 23.399414,
      "chnl": 15,
      "x": 257,
      "y": 0,
      "page": 0
    },
    {
      "id": 110,
      "index": 773,
      "char": "n",
      "width": 22,
      "height": 27,
      "xoffset": 1,
      "yoffset": 11.6875,
      "xadvance": 23.789063,
      "chnl": 15,
      "x": 254,
      "y": 180,
      "page": 0
    },
    {
      "id": 111,
      "index": 790,
      "char": "o",
      "width": 24,
      "height": 27,
      "xoffset": 0,
      "yoffset": 11.6875,
      "xadvance": 23.994141,
      "chnl": 15,
      "x": 256,
      "y": 100,
      "page": 0
    },
    {
      "id": 114,
      "index": 852,
      "char": "r",
      "width": 15,
      "height": 27,
      "xoffset": 1,
      "yoffset": 11.6875,
      "xadvance": 14.540039,
      "chnl": 15,
      "x": 257,
      "y": 208,
      "page": 0
    },
    {
      "id": 115,
      "index": 871,
      "char": "s",
      "width": 21,
      "height": 27,
      "xoffset": 0,
      "yoffset": 11.6875,
      "xadvance": 20.917969,
      "chnl": 15,
      "x": 273,
      "y": 208,
      "page": 0
    },
    {
      "id": 117,
      "index": 913,
      "char": "u",
      "width": 22,
      "height": 27,
      "xoffset": 1,
      "yoffset": 12.6875,
      "xadvance": 23.789063,
      "chnl": 15,
      "x": 261,
      "y": 128,
      "page": 0
    },
    {
      "id": 58,
      "index": 1503,
      "char": ":",
      "width": 9,
      "height": 26,
      "xoffset": 1,
      "yoffset": 13.6875,
      "xadvance": 10.5,
      "chnl": 15,
      "x": 71,
      "y": 230,
      "page": 0
    },
    {
      "id": 60,
      "index": 1514,
      "char": "<",
      "width": 23,
      "height": 26,
      "xoffset": 1,
      "yoffset": 11.6875,
      "xadvance": 27.008789,
      "chnl": 15,
      "x": 277,
      "y": 156,
      "page": 0
    },
    {
      "id": 62,
      "index": 1515,
      "char": ">",
      "width": 23,
      "height": 26,
      "xoffset": 2,
      "yoffset": 11.6875,
      "xadvance": 27.008789,
      "chnl": 15,
      "x": 276,
      "y": 28,
      "page": 0
    },
    {
      "id": 118,
      "index": 978,
      "char": "v",
      "width": 25,
      "height": 26,
      "xoffset": -1,
      "yoffset": 12.6875,
      "xadvance": 22.435547,
      "chnl": 15,
      "x": 282,
      "y": 0,
      "page": 0
    },
    {
      "id": 120,
      "index": 991,
      "char": "x",
      "width": 24,
      "height": 26,
      "xoffset": -1,
      "yoffset": 12.6875,
      "xadvance": 22.025391,
      "chnl": 15,
      "x": 276,
      "y": 55,
      "page": 0
    },
    {
      "id": 122,
      "index": 1020,
      "char": "z",
      "width": 21,
      "height": 26,
      "xoffset": 0,
      "yoffset": 12.6875,
      "xadvance": 21.47168,
      "chnl": 15,
      "x": 300,
      "y": 27,
      "page": 0
    },
    {
      "id": 126,
      "index": 1526,
      "char": "~",
      "width": 25,
      "height": 12,
      "xoffset": 1,
      "yoffset": 18.6875,
      "xadvance": 27.008789,
      "chnl": 15,
      "x": 0,
      "y": 158,
      "page": 0
    },
    {
      "id": 43,
      "index": 1520,
      "char": "+",
      "width": 24,
      "height": 24,
      "xoffset": 2,
      "yoffset": 12.6875,
      "xadvance": 27.008789,
      "chnl": 15,
      "x": 277,
      "y": 183,
      "page": 0
    },
    {
      "id": 95,
      "index": 1541,
      "char": "_",
      "width": 23,
      "height": 7,
      "xoffset": -2,
      "yoffset": 34.6875,
      "xadvance": 19.113281,
      "chnl": 15,
      "x": 0,
      "y": 171,
      "page": 0
    },
    {
      "id": 61,
      "index": 1518,
      "char": "=",
      "width": 22,
      "height": 16,
      "xoffset": 2,
      "yoffset": 16.6875,
      "xadvance": 27.008789,
      "chnl": 15,
      "x": 276,
      "y": 82,
      "page": 0
    },
    {
      "id": 42,
      "index": 1545,
      "char": "*",
      "width": 20,
      "height": 21,
      "xoffset": 0,
      "yoffset": 3.6875,
      "xadvance": 20.282227,
      "chnl": 15,
      "x": 308,
      "y": 0,
      "page": 0
    },
    {
      "id": 94,
      "index": 1544,
      "char": "^",
      "width": 20,
      "height": 17,
      "xoffset": -1,
      "yoffset": 4.6875,
      "xadvance": 19.010742,
      "chnl": 15,
      "x": 257,
      "y": 236,
      "page": 0
    },
    {
      "id": 45,
      "index": 1457,
      "char": "-",
      "width": 17,
      "height": 7,
      "xoffset": 1,
      "yoffset": 20.6875,
      "xadvance": 18.580078,
      "chnl": 15,
      "x": 257,
      "y": 28,
      "page": 0
    },
    {
      "id": 34,
      "index": 1483,
      "char": "\"",
      "width": 14,
      "height": 15,
      "xoffset": 2,
      "yoffset": 3.6875,
      "xadvance": 18.108398,
      "chnl": 15,
      "x": 261,
      "y": 156,
      "page": 0
    },
    {
      "id": 39,
      "index": 1482,
      "char": "'",
      "width": 8,
      "height": 15,
      "xoffset": 2,
      "yoffset": 3.6875,
      "xadvance": 11.525391,
      "chnl": 15,
      "x": 23,
      "y": 124,
      "page": 0
    },
    {
      "id": 44,
      "index": 1499,
      "char": ",",
      "width": 10,
      "height": 15,
      "xoffset": 0,
      "yoffset": 30.6875,
      "xadvance": 10.5,
      "chnl": 15,
      "x": 81,
      "y": 230,
      "page": 0
    },
    {
      "id": 96,
      "index": 1752,
      "char": "`",
      "width": 11,
      "height": 10,
      "xoffset": 0,
      "yoffset": 3.6875,
      "xadvance": 11.648438,
      "chnl": 15,
      "x": 81,
      "y": 246,
      "page": 0
    },
    {
      "id": 46,
      "index": 1500,
      "char": ".",
      "width": 9,
      "height": 9,
      "xoffset": 1,
      "yoffset": 29.6875,
      "xadvance": 10.5,
      "chnl": 15,
      "x": 140,
      "y": 181,
      "page": 0
    },
    {
      "id": 32,
      "index": 1775,
      "char": " ",
      "width": 0,
      "height": 0,
      "xoffset": -2,
      "yoffset": 34.6875,
      "xadvance": 11.074219,
      "chnl": 15,
      "x": 156,
      "y": 36,
      "page": 0
    }
  ],
  "info": {
    "face": "Inter_24pt-Regular",
    "size": 42,
    "bold": 0,
    "italic": 0,
    "charset": [
      " ",
      "!",
      "\"",
      "#",
      "$",
      "%",
      "&",
      "'",
      "(",
      ")",
      "*",
      "+",
      ",",
      "-",
      ".",
      "/",
      "0",
      "1",
      "2",
      "3",
      "4",
      "5",
      "6",
      "7",
      "8",
      "9",
      ":",
      ";",
      "<",
      "=",
      ">",
      "?",
      "@",
      "A",
      "B",
      "C",
      "D",
      "E",
      "F",
      "G",
      "H",
      "I",
      "J",
      "K",
      "L",
      "M",
      "N",
      "O",
      "P",
      "Q",
      "R",
      "S",
      "T",
      "U",
      "V",
      "W",
      "X",
      "Y",
      "Z",
      "[",
      "\\",
      "]",
      "^",
      "_",
      "`",
      "a",
      "b",
      "c",
      "d",
      "e",
      "f",
      "g",
      "h",
      "i",
      "j",
      "k",
      "l",
      "m",
      "n",
      "o",
      "p",
      "q",
      "r",
      "s",
      "t",
      "u",
      "v",
      "w",
      "x",
      "y",
      "z",
      "{",
      "|",
      "}",
      "~"
    ],
    "unicode": 1,
    "stretchH": 100,
    "smooth": 1,
    "aa": 1,
    "padding": [
      2,
      2,
      2,
      2
    ],
    "spacing": [
      0,
      0
    ],
    "outline": 0
  },
  "common": {
    "lineHeight": 50.818359,
    "base": 38.6875,
    "scaleW": 512,
    "scaleH": 256,
    "pages": 1,
    "packed": 0,
    "alphaChnl": 0,
    "redChnl": 0,
    "greenChnl": 0,
    "blueChnl": 0
  },
  "distanceField": {
    "fieldType": "msdf",
    "distanceRange": 4
  },
  "kernings": [
    {
      "first": 34,
      "second": 38,
      "amount": -1.415039
    },
    {
      "first": 34,
      "second": 44,
      "amount": -3.445312
    },
    {
      "first": 34,
      "second": 46,
      "amount": -3.445312
    },
    {
      "first": 34,
      "second": 52,
      "amount": -2.625
    },
    {
      "first": 38,
      "second": 34,
      "amount": -1.415039
    },
    {
      "first": 38,
      "second": 39,
      "amount": -1.415039
    },
    {
      "first": 38,
      "second": 92,
      "amount": -2.625
    },
    {
      "first": 39,
      "second": 38,
      "amount": -1.415039
    },
    {
      "first": 39,
      "second": 44,
      "amount": -3.445312
    },
    {
      "first": 39,
      "second": 46,
      "amount": -3.445312
    },
    {
      "first": 39,
      "second": 52,
      "amount": -2.625
    },
    {
      "first": 42,
      "second": 38,
      "amount": -1.415039
    },
    {
      "first": 42,
      "second": 44,
      "amount": -5.72168
    },
    {
      "first": 42,
      "second": 46,
      "amount": -5.72168
    },
    {
      "first": 42,
      "second": 52,
      "amount": -1.907227
    },
    {
      "first": 42,
      "second": 64,
      "amount": -0.205078
    },
    {
      "first": 42,
      "second": 95,
      "amount": -2.850586
    },
    {
      "first": 43,
      "second": 50,
      "amount": -1.415039
    },
    {
      "first": 43,
      "second": 51,
      "amount": -0.47168
    },
    {
      "first": 43,
      "second": 55,
      "amount": -0.943359
    },
    {
      "first": 43,
      "second": 92,
      "amount": -2.132812
    },
    {
      "first": 44,
      "second": 34,
      "amount": -3.445312
    },
    {
      "first": 44,
      "second": 39,
      "amount": -3.445312
    },
    {
      "first": 44,
      "second": 48,
      "amount": -1.066406
    },
    {
      "first": 44,
      "second": 49,
      "amount": -3.896484
    },
    {
      "first": 44,
      "second": 50,
      "amount": 0.123047
    },
    {
      "first": 44,
      "second": 51,
      "amount": -0.738281
    },
    {
      "first": 44,
      "second": 53,
      "amount": -0.594727
    },
    {
      "first": 44,
      "second": 54,
      "amount": -1.066406
    },
    {
      "first": 44,
      "second": 55,
      "amount": -0.594727
    },
    {
      "first": 44,
      "second": 56,
      "amount": -0.65625
    },
    {
      "first": 44,
      "second": 57,
      "amount": -0.287109
    },
    {
      "first": 44,
      "second": 63,
      "amount": -4.880859
    },
    {
      "first": 44,
      "second": 64,
      "amount": -1.845703
    },
    {
      "first": 45,
      "second": 50,
      "amount": -1.415039
    },
    {
      "first": 45,
      "second": 51,
      "amount": -0.47168
    },
    {
      "first": 45,
      "second": 55,
      "amount": -0.943359
    },
    {
      "first": 45,
      "second": 92,
      "amount": -2.132812
    },
    {
      "first": 46,
      "second": 34,
      "amount": -3.445312
    },
    {
      "first": 46,
      "second": 39,
      "amount": -3.445312
    },
    {
      "first": 46,
      "second": 48,
      "amount": -1.066406
    },
    {
      "first": 46,
      "second": 49,
      "amount": -3.896484
    },
    {
      "first": 46,
      "second": 50,
      "amount": 0.123047
    },
    {
      "first": 46,
      "second": 51,
      "amount": -0.738281
    },
    {
      "first": 46,
      "second": 53,
      "amount": -0.594727
    },
    {
      "first": 46,
      "second": 54,
      "amount": -1.066406
    },
    {
      "first": 46,
      "second": 55,
      "amount": -0.594727
    },
    {
      "first": 46,
      "second": 56,
      "amount": -0.65625
    },
    {
      "first": 46,
      "second": 57,
      "amount": -0.287109
    },
    {
      "first": 46,
      "second": 63,
      "amount": -4.880859
    },
    {
      "first": 46,
      "second": 64,
      "amount": -1.845703
    },
    {
      "first": 47,
      "second": 44,
      "amount": -1.661133
    },
    {
      "first": 47,
      "second": 46,
      "amount": -1.661133
    },
    {
      "first": 48,
      "second": 44,
      "amount": -1.066406
    },
    {
      "first": 48,
      "second": 46,
      "amount": -1.066406
    },
    {
      "first": 48,
      "second": 55,
      "amount": -0.820312
    },
    {
      "first": 48,
      "second": 92,
      "amount": -0.758789
    },
    {
      "first": 48,
      "second": 95,
      "amount": -1.907227
    },
    {
      "first": 50,
      "second": 52,
      "amount": -0.65625
    },
    {
      "first": 51,
      "second": 42,
      "amount": -0.963867
    },
    {
      "first": 51,
      "second": 44,
      "amount": -0.943359
    },
    {
      "first": 51,
      "second": 46,
      "amount": -0.943359
    },
    {
      "first": 51,
      "second": 94,
      "amount": -0.963867
    },
    {
      "first": 52,
      "second": 42,
      "amount": -1.394531
    },
    {
      "first": 52,
      "second": 44,
      "amount": -1.415039
    },
    {
      "first": 52,
      "second": 46,
      "amount": -1.415039
    },
    {
      "first": 52,
      "second": 49,
      "amount": -1.271484
    },
    {
      "first": 52,
      "second": 55,
      "amount": -0.902344
    },
    {
      "first": 52,
      "second": 94,
      "amount": -1.394531
    },
    {
      "first": 53,
      "second": 42,
      "amount": -0.451172
    },
    {
      "first": 53,
      "second": 44,
      "amount": -1.12793
    },
    {
      "first": 53,
      "second": 46,
      "amount": -1.12793
    },
    {
      "first": 53,
      "second": 49,
      "amount": -0.451172
    },
    {
      "first": 53,
      "second": 94,
      "amount": -0.451172
    },
    {
      "first": 54,
      "second": 44,
      "amount": -1.189453
    },
    {
      "first": 54,
      "second": 46,
      "amount": -1.189453
    },
    {
      "first": 54,
      "second": 95,
      "amount": -1.907227
    },
    {
      "first": 55,
      "second": 35,
      "amount": -2.378906
    },
    {
      "first": 55,
      "second": 37,
      "amount": 0.225586
    },
    {
      "first": 55,
      "second": 38,
      "amount": -1.907227
    },
    {
      "first": 55,
      "second": 42,
      "amount": 0.451172
    },
    {
      "first": 55,
      "second": 44,
      "amount": -5.25
    },
    {
      "first": 55,
      "second": 46,
      "amount": -5.25
    },
    {
      "first": 55,
      "second": 48,
      "amount": -0.65625
    },
    {
      "first": 55,
      "second": 51,
      "amount": -0.697266
    },
    {
      "first": 55,
      "second": 52,
      "amount": -2.44043
    },
    {
      "first": 55,
      "second": 53,
      "amount": -0.410156
    },
    {
      "first": 55,
      "second": 54,
      "amount": -0.65625
    },
    {
      "first": 55,
      "second": 55,
      "amount": 0.820313
    },
    {
      "first": 55,
      "second": 56,
      "amount": -0.594727
    },
    {
      "first": 55,
      "second": 57,
      "amount": -0.410156
    },
    {
      "first": 55,
      "second": 58,
      "amount": -1.415039
    },
    {
      "first": 55,
      "second": 59,
      "amount": -1.415039
    },
    {
      "first": 55,
      "second": 60,
      "amount": -3.814453
    },
    {
      "first": 55,
      "second": 94,
      "amount": 0.451172
    },
    {
      "first": 55,
      "second": 95,
      "amount": -6.665039
    },
    {
      "first": 56,
      "second": 42,
      "amount": -0.963867
    },
    {
      "first": 56,
      "second": 44,
      "amount": -0.943359
    },
    {
      "first": 56,
      "second": 46,
      "amount": -0.943359
    },
    {
      "first": 56,
      "second": 94,
      "amount": -0.963867
    },
    {
      "first": 57,
      "second": 44,
      "amount": -1.066406
    },
    {
      "first": 57,
      "second": 46,
      "amount": -1.066406
    },
    {
      "first": 57,
      "second": 55,
      "amount": -0.820312
    },
    {
      "first": 57,
      "second": 92,
      "amount": -0.758789
    },
    {
      "first": 57,
      "second": 95,
      "amount": -1.907227
    },
    {
      "first": 58,
      "second": 92,
      "amount": -2.625
    },
    {
      "first": 59,
      "second": 92,
      "amount": -2.625
    },
    {
      "first": 61,
      "second": 92,
      "amount": -2.850586
    },
    {
      "first": 62,
      "second": 55,
      "amount": -3.09668
    },
    {
      "first": 62,
      "second": 92,
      "amount": -3.09668
    },
    {
      "first": 64,
      "second": 44,
      "amount": -1.845703
    },
    {
      "first": 64,
      "second": 46,
      "amount": -1.845703
    },
    {
      "first": 64,
      "second": 47,
      "amount": -1.661133
    },
    {
      "first": 64,
      "second": 92,
      "amount": -1.415039
    },
    {
      "first": 64,
      "second": 95,
      "amount": -1.661133
    },
    {
      "first": 92,
      "second": 34,
      "amount": -3.322266
    },
    {
      "first": 92,
      "second": 39,
      "amount": -3.322266
    },
    {
      "first": 92,
      "second": 42,
      "amount": -3.322266
    },
    {
      "first": 92,
      "second": 43,
      "amount": -1.415039
    },
    {
      "first": 92,
      "second": 45,
      "amount": -1.415039
    },
    {
      "first": 92,
      "second": 47,
      "amount": 0.820313
    },
    {
      "first": 92,
      "second": 48,
      "amount": -0.574219
    },
    {
      "first": 92,
      "second": 49,
      "amount": -2.460937
    },
    {
      "first": 92,
      "second": 54,
      "amount": -0.574219
    },
    {
      "first": 92,
      "second": 61,
      "amount": -2.132812
    },
    {
      "first": 92,
      "second": 63,
      "amount": -2.625
    },
    {
      "first": 92,
      "second": 64,
      "amount": -1.3125
    },
    {
      "first": 92,
      "second": 92,
      "amount": -1.927734
    },
    {
      "first": 92,
      "second": 94,
      "amount": -3.322266
    },
    {
      "first": 92,
      "second": 126,
      "amount": -1.415039
    },
    {
      "first": 94,
      "second": 38,
      "amount": -1.415039
    },
    {
      "first": 94,
      "second": 44,
      "amount": -5.72168
    },
    {
      "first": 94,
      "second": 46,
      "amount": -5.72168
    },
    {
      "first": 94,
      "second": 52,
      "amount": -1.907227
    },
    {
      "first": 94,
      "second": 64,
      "amount": -0.205078
    },
    {
      "first": 94,
      "second": 95,
      "amount": -2.850586
    },
    {
      "first": 95,
      "second": 42,
      "amount": -2.850586
    },
    {
      "first": 95,
      "second": 48,
      "amount": -1.907227
    },
    {
      "first": 95,
      "second": 49,
      "amount": -4.532227
    },
    {
      "first": 95,
      "second": 51,
      "amount": -1.907227
    },
    {
      "first": 95,
      "second": 52,
      "amount": -2.378906
    },
    {
      "first": 95,
      "second": 53,
      "amount": -1.907227
    },
    {
      "first": 95,
      "second": 54,
      "amount": -1.907227
    },
    {
      "first": 95,
      "second": 56,
      "amount": -1.907227
    },
    {
      "first": 95,
      "second": 57,
      "amount": -1.907227
    },
    {
      "first": 95,
      "second": 64,
      "amount": -1.661133
    },
    {
      "first": 95,
      "second": 92,
      "amount": -3.322266
    },
    {
      "first": 95,
      "second": 94,
      "amount": -2.850586
    },
    {
      "first": 95,
      "second": 124,
      "amount": 0.635742
    },
    {
      "first": 126,
      "second": 50,
      "amount": -1.415039
    },
    {
      "first": 126,
      "second": 51,
      "amount": -0.47168
    },
    {
      "first": 126,
      "second": 55,
      "amount": -0.943359
    },
    {
      "first": 126,
      "second": 92,
      "amount": -2.132812
    }
  ],
  "lightningMetrics": {
    "ascender": 1984,
    "descender": -494,
    "lineGap": 0,
    "unitsPerEm": 2048
  }
}