{
  "pages": [
    "Inter_24pt-SemiBold.png"
  ],
  "chars": [
    {
      "id": 124,
      "index": 1454,
      "char": "|",
      "width": 9,
      "height": 54,
      "xoffset": 3,
      "yoffset": -5.3125,
      "xadvance": 14.396484,
      "chnl": 15,
      "x": 0,
      "y": 0,
      "page": 0
    },
    {
      "id": 87,
      "index": 459,
      "char": "W",
      "width": 45,
      "height": 35,
      "xoffset": -1,
      "yoffset": 3.6875,
      "xadvance": 41.938477,
      "chnl": 15,
      "x": 10,
      "y": 0,
      "page": 0
    },
    {
      "id": 106,
      "index": 719,
      "char": "j",
      "width": 13,
      "height": 44,
      "xoffset": -3,
      "yoffset": 3.6875,
      "xadvance": 10.31543,
      "chnl": 15,
      "x": 56,
      "y": 0,
      "page": 0
    },
    {
      "id": 36,
      "index": 1307,
      "char": "$",
      "width": 28,
      "height": 43,
      "xoffset": 0,
      "yoffset": -0.3125,
      "xadvance": 27.070313,
      "chnl": 15,
      "x": 70,
      "y": 0,
      "page": 0
    },
    {
      "id": 64,
      "index": 1443,
      "char": "@",
      "width": 42,
      "height": 43,
      "xoffset": 0,
      "yoffset": 4.6875,
      "xadvance": 41.876953,
      "chnl": 15,
      "x": 10,
      "y": 36,
      "page": 0
    },
    {
      "id": 40,
      "index": 1435,
      "char": "(",
      "width": 14,
      "height": 42,
      "xoffset": 1,
      "yoffset": 2.6875,
      "xadvance": 14.4375,
      "chnl": 15,
      "x": 0,
      "y": 80,
      "page": 0
    },
    {
      "id": 41,
      "index": 1436,
      "char": ")",
      "width": 14,
      "height": 42,
      "xoffset": -1,
      "yoffset": 2.6875,
      "xadvance": 14.4375,
      "chnl": 15,
      "x": 15,
      "y": 80,
      "page": 0
    },
    {
      "id": 91,
      "index": 1437,
      "char": "[",
      "width": 13,
      "height": 42,
      "xoffset": 1,
      "yoffset": 2.6875,
      "xadvance": 14.4375,
      "chnl": 15,
      "x": 30,
      "y": 80,
      "page": 0
    },
    {
      "id": 93,
      "index": 1439,
      "char": "]",
      "width": 13,
      "height": 42,
      "xoffset": 0,
      "yoffset": 2.6875,
      "xadvance": 14.4375,
      "chnl": 15,
      "x": 44,
      "y": 80,
      "page": 0
    },
    {
      "id": 123,
      "index": 1441,
      "char": "{",
      "width": 18,
      "height": 42,
      "xoffset": 1,
      "yoffset": 2.6875,
      "xadvance": 18.313477,
      "chnl": 15,
      "x": 99,
      "y": 0,
      "page": 0
    },
    {
      "id": 125,
      "index": 1442,
      "char": "}",
      "width": 18,
      "height": 42,
      "xoffset": 0,
      "yoffset": 2.6875,
      "xadvance": 18.313477,
      "chnl": 15,
      "x": 99,
      "y": 43,
      "page": 0
    },
    {
      "id": 47,
      "index": 1453,
      "char": "/",
      "width": 18,
      "height": 41,
      "xoffset": -2,
      "yoffset": 2.6875,
      "xadvance": 15.257813,
      "chnl": 15,
      "x": 58,
      "y": 86,
      "page": 0
    },
    {
      "id": 92,
      "index": 1456,
      "char": "\\",
      "width": 18,
      "height": 41,
      "xoffset": -2,
      "yoffset": 2.6875,
      "xadvance": 15.257813,
      "chnl": 15,
      "x": 70,
      "y": 44,
      "page": 0
    },
    {
      "id": 81,
      "index": 382,
      "char": "Q",
      "width": 32,
      "height": 38,
      "xoffset": 0,
      "yoffset": 3.6875,
      "xadvance": 31.869141,
      "chnl": 15,
      "x": 77,
      "y": 86,
      "page": 0
    },
    {
      "id": 37,
      "index": 1742,
      "char": "%",
      "width": 37,
      "height": 36,
      "xoffset": 1,
      "yoffset": 3.6875,
      "xadvance": 39.887695,
      "chnl": 15,
      "x": 110,
      "y": 86,
      "page": 0
    },
    {
      "id": 119,
      "index": 982,
      "char": "w",
      "width": 37,
      "height": 26,
      "xoffset": -1,
      "yoffset": 12.6875,
      "xadvance": 34.248047,
      "chnl": 15,
      "x": 118,
      "y": 0,
      "page": 0
    },
    {
      "id": 57,
      "index": 1350,
      "char": "9",
      "width": 27,
      "height": 36,
      "xoffset": 0,
      "yoffset": 3.6875,
      "xadvance": 26.085938,
      "chnl": 15,
      "x": 118,
      "y": 27,
      "page": 0
    },
    {
      "id": 77,
      "index": 292,
      "char": "M",
      "width": 36,
      "height": 35,
      "xoffset": 1,
      "yoffset": 3.6875,
      "xadvance": 37.795898,
      "chnl": 15,
      "x": 146,
      "y": 27,
      "page": 0
    },
    {
      "id": 83,
      "index": 397,
      "char": "S",
      "width": 28,
      "height": 36,
      "xoffset": 0,
      "yoffset": 3.6875,
      "xadvance": 27.070313,
      "chnl": 15,
      "x": 148,
      "y": 63,
      "page": 0
    },
    {
      "id": 103,
      "index": 658,
      "char": "g",
      "width": 25,
      "height": 36,
      "xoffset": 0,
      "yoffset": 11.6875,
      "xadvance": 25.368164,
      "chnl": 15,
      "x": 177,
      "y": 63,
      "page": 0
    },
    {
      "id": 109,
      "index": 766,
      "char": "m",
      "width": 36,
      "height": 27,
      "xoffset": 1,
      "yoffset": 11.6875,
      "xadvance": 37.078125,
      "chnl": 15,
      "x": 148,
      "y": 100,
      "page": 0
    },
    {
      "id": 33,
      "index": 1425,
      "char": "!",
      "width": 11,
      "height": 35,
      "xoffset": 1,
      "yoffset": 3.6875,
      "xadvance": 11.545898,
      "chnl": 15,
      "x": 58,
      "y": 45,
      "page": 0
    },
    {
      "id": 35,
      "index": 1451,
      "char": "#",
      "width": 30,
      "height": 35,
      "xoffset": -2,
      "yoffset": 3.6875,
      "xadvance": 26.393555,
      "chnl": 15,
      "x": 203,
      "y": 0,
      "page": 0
    },
    {
      "id": 38,
      "index": 1423,
      "char": "&",
      "width": 30,
      "height": 35,
      "xoffset": 0,
      "yoffset": 3.6875,
      "xadvance": 27.152344,
      "chnl": 15,
      "x": 203,
      "y": 36,
      "page": 0
    },
    {
      "id": 48,
      "index": 1339,
      "char": "0",
      "width": 28,
      "height": 35,
      "xoffset": 0,
      "yoffset": 3.6875,
      "xadvance": 27.193359,
      "chnl": 15,
      "x": 203,
      "y": 72,
      "page": 0
    },
    {
      "id": 49,
      "index": 1340,
      "char": "1",
      "width": 17,
      "height": 35,
      "xoffset": -1,
      "yoffset": 3.6875,
      "xadvance": 16.775391,
      "chnl": 15,
      "x": 183,
      "y": 0,
      "page": 0
    },
    {
      "id": 50,
      "index": 1341,
      "char": "2",
      "width": 25,
      "height": 35,
      "xoffset": 0,
      "yoffset": 3.6875,
      "xadvance": 25.306641,
      "chnl": 15,
      "x": 110,
      "y": 123,
      "page": 0
    },
    {
      "id": 51,
      "index": 1343,
      "char": "3",
      "width": 27,
      "height": 35,
      "xoffset": 0,
      "yoffset": 3.6875,
      "xadvance": 26.167969,
      "chnl": 15,
      "x": 77,
      "y": 125,
      "page": 0
    },
    {
      "id": 52,
      "index": 1344,
      "char": "4",
      "width": 28,
      "height": 35,
      "xoffset": 0,
      "yoffset": 3.6875,
      "xadvance": 27.459961,
      "chnl": 15,
      "x": 0,
      "y": 123,
      "page": 0
    },
    {
      "id": 53,
      "index": 1345,
      "char": "5",
      "width": 26,
      "height": 35,
      "xoffset": 0,
      "yoffset": 3.6875,
      "xadvance": 25.245117,
      "chnl": 15,
      "x": 29,
      "y": 123,
      "page": 0
    },
    {
      "id": 54,
      "index": 1347,
      "char": "6",
      "width": 27,
      "height": 35,
      "xoffset": 0,
      "yoffset": 3.6875,
      "xadvance": 26.085938,
      "chnl": 15,
      "x": 185,
      "y": 108,
      "page": 0
    },
    {
      "id": 55,
      "index": 1348,
      "char": "7",
      "width": 25,
      "height": 35,
      "xoffset": -1,
      "yoffset": 3.6875,
      "xadvance": 23.317383,
      "chnl": 15,
      "x": 213,
      "y": 108,
      "page": 0
    },
    {
      "id": 56,
      "index": 1349,
      "char": "8",
      "width": 27,
      "height": 35,
      "xoffset": 0,
      "yoffset": 3.6875,
      "xadvance": 26.024414,
      "chnl": 15,
      "x": 136,
      "y": 128,
      "page": 0
    },
    {
      "id": 63,
      "index": 1429,
      "char": "?",
      "width": 24,
      "height": 35,
      "xoffset": -1,
      "yoffset": 3.6875,
      "xadvance": 23.050781,
      "chnl": 15,
      "x": 232,
      "y": 72,
      "page": 0
    },
    {
      "id": 65,
      "index": 2,
      "char": "A",
      "width": 33,
      "height": 35,
      "xoffset": -1,
      "yoffset": 3.6875,
      "xadvance": 29.756836,
      "chnl": 15,
      "x": 0,
      "y": 159,
      "page": 0
    },
    {
      "id": 66,
      "index": 65,
      "char": "B",
      "width": 27,
      "height": 35,
      "xoffset": 1,
      "yoffset": 3.6875,
      "xadvance": 27.295898,
      "chnl": 15,
      "x": 105,
      "y": 159,
      "page": 0
    },
    {
      "id": 67,
      "index": 73,
      "char": "C",
      "width": 31,
      "height": 35,
      "xoffset": 0,
      "yoffset": 3.6875,
      "xadvance": 30.65918,
      "chnl": 15,
      "x": 34,
      "y": 159,
      "page": 0
    },
    {
      "id": 68,
      "index": 84,
      "char": "D",
      "width": 29,
      "height": 35,
      "xoffset": 1,
      "yoffset": 3.6875,
      "xadvance": 29.736328,
      "chnl": 15,
      "x": 66,
      "y": 161,
      "page": 0
    },
    {
      "id": 69,
      "index": 95,
      "char": "E",
      "width": 25,
      "height": 35,
      "xoffset": 1,
      "yoffset": 3.6875,
      "xadvance": 25.265625,
      "chnl": 15,
      "x": 0,
      "y": 197,
      "page": 0
    },
    {
      "id": 70,
      "index": 137,
      "char": "F",
      "width": 24,
      "height": 35,
      "xoffset": 1,
      "yoffset": 3.6875,
      "xadvance": 24.342773,
      "chnl": 15,
      "x": 26,
      "y": 195,
      "page": 0
    },
    {
      "id": 71,
      "index": 141,
      "char": "G",
      "width": 31,
      "height": 35,
      "xoffset": 0,
      "yoffset": 3.6875,
      "xadvance": 31.110352,
      "chnl": 15,
      "x": 51,
      "y": 197,
      "page": 0
    },
    {
      "id": 72,
      "index": 161,
      "char": "H",
      "width": 29,
      "height": 35,
      "xoffset": 1,
      "yoffset": 3.6875,
      "xadvance": 30.597656,
      "chnl": 15,
      "x": 83,
      "y": 197,
      "page": 0
    },
    {
      "id": 73,
      "index": 197,
      "char": "I",
      "width": 9,
      "height": 35,
      "xoffset": 1,
      "yoffset": 3.6875,
      "xadvance": 10.992188,
      "chnl": 15,
      "x": 89,
      "y": 44,
      "page": 0
    },
    {
      "id": 74,
      "index": 266,
      "char": "J",
      "width": 24,
      "height": 35,
      "xoffset": -1,
      "yoffset": 3.6875,
      "xadvance": 23.727539,
      "chnl": 15,
      "x": 113,
      "y": 195,
      "page": 0
    },
    {
      "id": 75,
      "index": 271,
      "char": "K",
      "width": 29,
      "height": 35,
      "xoffset": 1,
      "yoffset": 3.6875,
      "xadvance": 28.731445,
      "chnl": 15,
      "x": 138,
      "y": 164,
      "page": 0
    },
    {
      "id": 76,
      "index": 281,
      "char": "L",
      "width": 23,
      "height": 35,
      "xoffset": 1,
      "yoffset": 3.6875,
      "xadvance": 23.378906,
      "chnl": 15,
      "x": 138,
      "y": 200,
      "page": 0
    },
    {
      "id": 78,
      "index": 300,
      "char": "N",
      "width": 29,
      "height": 35,
      "xoffset": 1,
      "yoffset": 3.6875,
      "xadvance": 30.966797,
      "chnl": 15,
      "x": 162,
      "y": 200,
      "page": 0
    },
    {
      "id": 79,
      "index": 321,
      "char": "O",
      "width": 32,
      "height": 35,
      "xoffset": 0,
      "yoffset": 3.6875,
      "xadvance": 31.807617,
      "chnl": 15,
      "x": 168,
      "y": 144,
      "page": 0
    },
    {
      "id": 80,
      "index": 375,
      "char": "P",
      "width": 26,
      "height": 35,
      "xoffset": 1,
      "yoffset": 3.6875,
      "xadvance": 26.619141,
      "chnl": 15,
      "x": 201,
      "y": 144,
      "page": 0
    },
    {
      "id": 82,
      "index": 384,
      "char": "R",
      "width": 27,
      "height": 35,
      "xoffset": 1,
      "yoffset": 3.6875,
      "xadvance": 27.213867,
      "chnl": 15,
      "x": 228,
      "y": 144,
      "page": 0
    },
    {
      "id": 84,
      "index": 411,
      "char": "T",
      "width": 28,
      "height": 35,
      "xoffset": -1,
      "yoffset": 3.6875,
      "xadvance": 26.947266,
      "chnl": 15,
      "x": 192,
      "y": 180,
      "page": 0
    },
    {
      "id": 85,
      "index": 424,
      "char": "U",
      "width": 29,
      "height": 35,
      "xoffset": 1,
      "yoffset": 3.6875,
      "xadvance": 30.166992,
      "chnl": 15,
      "x": 192,
      "y": 216,
      "page": 0
    },
    {
      "id": 86,
      "index": 456,
      "char": "V",
      "width": 32,
      "height": 35,
      "xoffset": -1,
      "yoffset": 3.6875,
      "xadvance": 29.633789,
      "chnl": 15,
      "x": 221,
      "y": 180,
      "page": 0
    },
    {
      "id": 88,
      "index": 466,
      "char": "X",
      "width": 32,
      "height": 35,
      "xoffset": -1,
      "yoffset": 3.6875,
      "xadvance": 29.305664,
      "chnl": 15,
      "x": 222,
      "y": 216,
      "page": 0
    },
    {
      "id": 89,
      "index": 472,
      "char": "Y",
      "width": 32,
      "height": 35,
      "xoffset": -1,
      "yoffset": 3.6875,
      "xadvance": 29.05957,
      "chnl": 15,
      "x": 239,
      "y": 108,
      "page": 0
    },
    {
      "id": 90,
      "index": 496,
      "char": "Z",
      "width": 27,
      "height": 35,
      "xoffset": 0,
      "yoffset": 3.6875,
      "xadvance": 26.824219,
      "chnl": 15,
      "x": 254,
      "y": 180,
      "page": 0
    },
    {
      "id": 98,
      "index": 578,
      "char": "b",
      "width": 25,
      "height": 35,
      "xoffset": 1,
      "yoffset": 3.6875,
      "xadvance": 25.347656,
      "chnl": 15,
      "x": 256,
      "y": 144,
      "page": 0
    },
    {
      "id": 100,
      "index": 597,
      "char": "d",
      "width": 25,
      "height": 35,
      "xoffset": 0,
      "yoffset": 3.6875,
      "xadvance": 25.347656,
      "chnl": 15,
      "x": 255,
      "y": 216,
      "page": 0
    },
    {
      "id": 102,
      "index": 647,
      "char": "f",
      "width": 18,
      "height": 35,
      "xoffset": -2,
      "yoffset": 3.6875,
      "xadvance": 15.401367,
      "chnl": 15,
      "x": 281,
      "y": 216,
      "page": 0
    },
    {
      "id": 104,
      "index": 670,
      "char": "h",
      "width": 24,
      "height": 35,
      "xoffset": 1,
      "yoffset": 3.6875,
      "xadvance": 24.793945,
      "chnl": 15,
      "x": 234,
      "y": 0,
      "page": 0
    },
    {
      "id": 105,
      "index": 689,
      "char": "i",
      "width": 10,
      "height": 35,
      "xoffset": 0,
      "yoffset": 3.6875,
      "xadvance": 10.294922,
      "chnl": 15,
      "x": 234,
      "y": 36,
      "page": 0
    },
    {
      "id": 107,
      "index": 727,
      "char": "k",
      "width": 25,
      "height": 35,
      "xoffset": 1,
      "yoffset": 3.6875,
      "xadvance": 23.132813,
      "chnl": 15,
      "x": 245,
      "y": 36,
      "page": 0
    },
    {
      "id": 108,
      "index": 736,
      "char": "l",
      "width": 9,
      "height": 35,
      "xoffset": 1,
      "yoffset": 3.6875,
      "xadvance": 10.294922,
      "chnl": 15,
      "x": 257,
      "y": 72,
      "page": 0
    },
    {
      "id": 112,
      "index": 843,
      "char": "p",
      "width": 25,
      "height": 35,
      "xoffset": 1,
      "yoffset": 11.6875,
      "xadvance": 25.347656,
      "chnl": 15,
      "x": 259,
      "y": 0,
      "page": 0
    },
    {
      "id": 113,
      "index": 849,
      "char": "q",
      "width": 25,
      "height": 35,
      "xoffset": 0,
      "yoffset": 11.6875,
      "xadvance": 25.347656,
      "chnl": 15,
      "x": 267,
      "y": 72,
      "page": 0
    },
    {
      "id": 121,
      "index": 996,
      "char": "y",
      "width": 26,
      "height": 35,
      "xoffset": -1,
      "yoffset": 12.6875,
      "xadvance": 23.583984,
      "chnl": 15,
      "x": 272,
      "y": 108,
      "page": 0
    },
    {
      "id": 59,
      "index": 1506,
      "char": ";",
      "width": 12,
      "height": 32,
      "xoffset": 0,
      "yoffset": 13.6875,
      "xadvance": 11.709961,
      "chnl": 15,
      "x": 271,
      "y": 36,
      "page": 0
    },
    {
      "id": 116,
      "index": 888,
      "char": "t",
      "width": 18,
      "height": 32,
      "xoffset": -2,
      "yoffset": 6.6875,
      "xadvance": 14.745117,
      "chnl": 15,
      "x": 284,
      "y": 36,
      "page": 0
    },
    {
      "id": 60,
      "index": 1514,
      "char": "<",
      "width": 24,
      "height": 27,
      "xoffset": 1,
      "yoffset": 10.6875,
      "xadvance": 27.624023,
      "chnl": 15,
      "x": 285,
      "y": 0,
      "page": 0
    },
    {
      "id": 62,
      "index": 1515,
      "char": ">",
      "width": 24,
      "height": 27,
      "xoffset": 2,
      "yoffset": 10.6875,
      "xadvance": 27.624023,
      "chnl": 15,
      "x": 293,
      "y": 69,
      "page": 0
    },
    {
      "id": 97,
      "index": 507,
      "char": "a",
      "width": 23,
      "height": 27,
      "xoffset": -1,
      "yoffset": 11.6875,
      "xadvance": 23.337891,
      "chnl": 15,
      "x": 303,
      "y": 28,
      "page": 0
    },
    {
      "id": 99,
      "index": 586,
      "char": "c",
      "width": 25,
      "height": 27,
      "xoffset": 0,
      "yoffset": 11.6875,
      "xadvance": 23.583984,
      "chnl": 15,
      "x": 310,
      "y": 0,
      "page": 0
    },
    {
      "id": 101,
      "index": 614,
      "char": "e",
      "width": 25,
      "height": 27,
      "xoffset": 0,
      "yoffset": 11.6875,
      "xadvance": 23.953125,
      "chnl": 15,
      "x": 282,
      "y": 144,
      "page": 0
    },
    {
      "id": 110,
      "index": 773,
      "char": "n",
      "width": 24,
      "height": 27,
      "xoffset": 1,
      "yoffset": 11.6875,
      "xadvance": 24.773438,
      "chnl": 15,
      "x": 282,
      "y": 172,
      "page": 0
    },
    {
      "id": 111,
      "index": 790,
      "char": "o",
      "width": 26,
      "height": 27,
      "xoffset": 0,
      "yoffset": 11.6875,
      "xadvance": 24.670898,
      "chnl": 15,
      "x": 299,
      "y": 97,
      "page": 0
    },
    {
      "id": 115,
      "index": 871,
      "char": "s",
      "width": 23,
      "height": 27,
      "xoffset": -1,
      "yoffset": 11.6875,
      "xadvance": 22.045898,
      "chnl": 15,
      "x": 318,
      "y": 56,
      "page": 0
    },
    {
      "id": 117,
      "index": 913,
      "char": "u",
      "width": 24,
      "height": 27,
      "xoffset": 1,
      "yoffset": 12.6875,
      "xadvance": 24.793945,
      "chnl": 15,
      "x": 327,
      "y": 28,
      "page": 0
    },
    {
      "id": 58,
      "index": 1503,
      "char": ":",
      "width": 10,
      "height": 26,
      "xoffset": 1,
      "yoffset": 13.6875,
      "xadvance": 11.463867,
      "chnl": 15,
      "x": 156,
      "y": 0,
      "page": 0
    },
    {
      "id": 114,
      "index": 852,
      "char": "r",
      "width": 16,
      "height": 26,
      "xoffset": 1,
      "yoffset": 12.6875,
      "xadvance": 15.708984,
      "chnl": 15,
      "x": 183,
      "y": 36,
      "page": 0
    },
    {
      "id": 118,
      "index": 978,
      "char": "v",
      "width": 26,
      "height": 26,
      "xoffset": -1,
      "yoffset": 12.6875,
      "xadvance": 23.563477,
      "chnl": 15,
      "x": 336,
      "y": 0,
      "page": 0
    },
    {
      "id": 120,
      "index": 991,
      "char": "x",
      "width": 26,
      "height": 26,
      "xoffset": -1,
      "yoffset": 12.6875,
      "xadvance": 22.907227,
      "chnl": 15,
      "x": 300,
      "y": 200,
      "page": 0
    },
    {
      "id": 122,
      "index": 1020,
      "char": "z",
      "width": 22,
      "height": 26,
      "xoffset": 0,
      "yoffset": 12.6875,
      "xadvance": 22.415039,
      "chnl": 15,
      "x": 307,
      "y": 172,
      "page": 0
    },
    {
      "id": 126,
      "index": 1526,
      "char": "~",
      "width": 26,
      "height": 13,
      "xoffset": 1,
      "yoffset": 17.6875,
      "xadvance": 27.624023,
      "chnl": 15,
      "x": 118,
      "y": 64,
      "page": 0
    },
    {
      "id": 43,
      "index": 1520,
      "char": "+",
      "width": 25,
      "height": 25,
      "xoffset": 2,
      "yoffset": 12.6875,
      "xadvance": 27.624023,
      "chnl": 15,
      "x": 300,
      "y": 227,
      "page": 0
    },
    {
      "id": 61,
      "index": 1518,
      "char": "=",
      "width": 24,
      "height": 18,
      "xoffset": 2,
      "yoffset": 15.6875,
      "xadvance": 27.624023,
      "chnl": 15,
      "x": 26,
      "y": 231,
      "page": 0
    },
    {
      "id": 95,
      "index": 1541,
      "char": "_",
      "width": 24,
      "height": 8,
      "xoffset": -2,
      "yoffset": 34.6875,
      "xadvance": 19.6875,
      "chnl": 15,
      "x": 113,
      "y": 231,
      "page": 0
    },
    {
      "id": 42,
      "index": 1545,
      "char": "*",
      "width": 21,
      "height": 21,
      "xoffset": 1,
      "yoffset": 3.6875,
      "xadvance": 22.045898,
      "chnl": 15,
      "x": 0,
      "y": 233,
      "page": 0
    },
    {
      "id": 94,
      "index": 1544,
      "char": "^",
      "width": 21,
      "height": 17,
      "xoffset": -1,
      "yoffset": 4.6875,
      "xadvance": 19.584961,
      "chnl": 15,
      "x": 299,
      "y": 125,
      "page": 0
    },
    {
      "id": 45,
      "index": 1457,
      "char": "-",
      "width": 18,
      "height": 8,
      "xoffset": 1,
      "yoffset": 19.6875,
      "xadvance": 18.949219,
      "chnl": 15,
      "x": 56,
      "y": 128,
      "page": 0
    },
    {
      "id": 34,
      "index": 1483,
      "char": "\"",
      "width": 17,
      "height": 16,
      "xoffset": 2,
      "yoffset": 3.6875,
      "xadvance": 20.241211,
      "chnl": 15,
      "x": 51,
      "y": 240,
      "page": 0
    },
    {
      "id": 39,
      "index": 1482,
      "char": "'",
      "width": 9,
      "height": 16,
      "xoffset": 2,
      "yoffset": 3.6875,
      "xadvance": 12.28418,
      "chnl": 15,
      "x": 0,
      "y": 55,
      "page": 0
    },
    {
      "id": 44,
      "index": 1499,
      "char": ",",
      "width": 11,
      "height": 16,
      "xoffset": 0,
      "yoffset": 29.6875,
      "xadvance": 11.463867,
      "chnl": 15,
      "x": 69,
      "y": 240,
      "page": 0
    },
    {
      "id": 96,
      "index": 1752,
      "char": "`",
      "width": 12,
      "height": 10,
      "xoffset": 0,
      "yoffset": 3.6875,
      "xadvance": 13.022461,
      "chnl": 15,
      "x": 303,
      "y": 56,
      "page": 0
    },
    {
      "id": 46,
      "index": 1500,
      "char": ".",
      "width": 10,
      "height": 10,
      "xoffset": 1,
      "yoffset": 28.6875,
      "xadvance": 11.463867,
      "chnl": 15,
      "x": 66,
      "y": 137,
      "page": 0
    },
    {
      "id": 32,
      "index": 1775,
      "char": " ",
      "width": 0,
      "height": 0,
      "xoffset": -2,
      "yoffset": 34.6875,
      "xadvance": 9.966797,
      "chnl": 15,
      "x": 336,
      "y": 27,
      "page": 0
    }
  ],
  "info": {
    "face": "Inter_24pt-SemiBold",
    "size": 42,
    "bold": 0,
    "italic": 0,
    "charset": [
      " ",
      "!",
      "\"",
      "#",
      "$",
      "%",
      "&",
      "'",
      "(",
      ")",
      "*",
      "+",
      ",",
      "-",
      ".",
      "/",
      "0",
      "1",
      "2",
      "3",
      "4",
      "5",
      "6",
      "7",
      "8",
      "9",
      ":",
      ";",
      "<",
      "=",
      ">",
      "?",
      "@",
      "A",
      "B",
      "C",
      "D",
      "E",
      "F",
      "G",
      "H",
      "I",
      "J",
      "K",
      "L",
      "M",
      "N",
      "O",
      "P",
      "Q",
      "R",
      "S",
      "T",
      "U",
      "V",
      "W",
      "X",
      "Y",
      "Z",
      "[",
      "\\",
      "]",
      "^",
      "_",
      "`",
      "a",
      "b",
      "c",
      "d",
      "e",
      "f",
      "g",
      "h",
      "i",
      "j",
      "k",
      "l",
      "m",
      "n",
      "o",
      "p",
      "q",
      "r",
      "s",
      "t",
      "u",
      "v",
      "w",
      "x",
      "y",
      "z",
      "{",
      "|",
      "}",
      "~"
    ],
    "unicode": 1,
    "stretchH": 100,
    "smooth": 1,
    "aa": 1,
    "padding": [
      2,
      2,
      2,
      2
    ],
    "spacing": [
      0,
      0
    ],
    "outline": 0
  },
  "common": {
    "lineHeight": 50.818359,
    "base": 38.6875,
    "scaleW": 512,
    "scaleH": 256,
    "pages": 1,
    "packed": 0,
    "alphaChnl": 0,
    "redChnl": 0,
    "greenChnl": 0,
    "blueChnl": 0
  },
  "distanceField": {
    "fieldType": "msdf",
    "distanceRange": 4
  },
  "kernings": [
    {
      "first": 34,
      "second": 38,
      "amount": -1.415039
    },
    {
      "first": 34,
      "second": 44,
      "amount": -3.650391
    },
    {
      "first": 34,
      "second": 46,
      "amount": -3.650391
    },
    {
      "first": 34,
      "second": 52,
      "amount": -2.625
    },
    {
      "first": 36,
      "second": 55,
      "amount": -0.123047
    },
    {
      "first": 38,
      "second": 34,
      "amount": -1.415039
    },
    {
      "first": 38,
      "second": 39,
      "amount": -1.415039
    },
    {
      "first": 38,
      "second": 92,
      "amount": -2.625
    },
    {
      "first": 39,
      "second": 38,
      "amount": -1.415039
    },
    {
      "first": 39,
      "second": 44,
      "amount": -3.650391
    },
    {
      "first": 39,
      "second": 46,
      "amount": -3.650391
    },
    {
      "first": 39,
      "second": 52,
      "amount": -2.625
    },
    {
      "first": 40,
      "second": 124,
      "amount": 0.225586
    },
    {
      "first": 42,
      "second": 38,
      "amount": -1.415039
    },
    {
      "first": 42,
      "second": 44,
      "amount": -5.72168
    },
    {
      "first": 42,
      "second": 46,
      "amount": -5.72168
    },
    {
      "first": 42,
      "second": 52,
      "amount": -1.907227
    },
    {
      "first": 42,
      "second": 64,
      "amount": -0.287109
    },
    {
      "first": 42,
      "second": 95,
      "amount": -2.850586
    },
    {
      "first": 43,
      "second": 50,
      "amount": -1.066406
    },
    {
      "first": 43,
      "second": 51,
      "amount": -0.307617
    },
    {
      "first": 43,
      "second": 55,
      "amount": -1.107422
    },
    {
      "first": 43,
      "second": 92,
      "amount": -1.96875
    },
    {
      "first": 44,
      "second": 32,
      "amount": -0.861328
    },
    {
      "first": 44,
      "second": 33,
      "amount": -0.348633
    },
    {
      "first": 44,
      "second": 34,
      "amount": -3.916992
    },
    {
      "first": 44,
      "second": 39,
      "amount": -3.916992
    },
    {
      "first": 44,
      "second": 48,
      "amount": -1.168945
    },
    {
      "first": 44,
      "second": 49,
      "amount": -4.101562
    },
    {
      "first": 44,
      "second": 50,
      "amount": 0.082031
    },
    {
      "first": 44,
      "second": 51,
      "amount": -0.758789
    },
    {
      "first": 44,
      "second": 53,
      "amount": -0.389648
    },
    {
      "first": 44,
      "second": 54,
      "amount": -1.168945
    },
    {
      "first": 44,
      "second": 55,
      "amount": -0.984375
    },
    {
      "first": 44,
      "second": 56,
      "amount": -0.717773
    },
    {
      "first": 44,
      "second": 57,
      "amount": -0.451172
    },
    {
      "first": 44,
      "second": 63,
      "amount": -5.003906
    },
    {
      "first": 44,
      "second": 64,
      "amount": -1.845703
    },
    {
      "first": 45,
      "second": 50,
      "amount": -1.066406
    },
    {
      "first": 45,
      "second": 51,
      "amount": -0.307617
    },
    {
      "first": 45,
      "second": 55,
      "amount": -1.107422
    },
    {
      "first": 45,
      "second": 92,
      "amount": -1.96875
    },
    {
      "first": 46,
      "second": 32,
      "amount": -0.861328
    },
    {
      "first": 46,
      "second": 33,
      "amount": -0.348633
    },
    {
      "first": 46,
      "second": 34,
      "amount": -3.916992
    },
    {
      "first": 46,
      "second": 39,
      "amount": -3.916992
    },
    {
      "first": 46,
      "second": 48,
      "amount": -1.168945
    },
    {
      "first": 46,
      "second": 49,
      "amount": -4.101562
    },
    {
      "first": 46,
      "second": 50,
      "amount": 0.082031
    },
    {
      "first": 46,
      "second": 51,
      "amount": -0.758789
    },
    {
      "first": 46,
      "second": 53,
      "amount": -0.389648
    },
    {
      "first": 46,
      "second": 54,
      "amount": -1.168945
    },
    {
      "first": 46,
      "second": 55,
      "amount": -0.984375
    },
    {
      "first": 46,
      "second": 56,
      "amount": -0.717773
    },
    {
      "first": 46,
      "second": 57,
      "amount": -0.451172
    },
    {
      "first": 46,
      "second": 63,
      "amount": -5.003906
    },
    {
      "first": 46,
      "second": 64,
      "amount": -1.845703
    },
    {
      "first": 47,
      "second": 44,
      "amount": -1.661133
    },
    {
      "first": 47,
      "second": 46,
      "amount": -1.661133
    },
    {
      "first": 47,
      "second": 92,
      "amount": 0.205078
    },
    {
      "first": 48,
      "second": 44,
      "amount": -1.168945
    },
    {
      "first": 48,
      "second": 46,
      "amount": -1.168945
    },
    {
      "first": 48,
      "second": 55,
      "amount": -0.820312
    },
    {
      "first": 48,
      "second": 92,
      "amount": -1.189453
    },
    {
      "first": 48,
      "second": 95,
      "amount": -1.907227
    },
    {
      "first": 49,
      "second": 41,
      "amount": 0.225586
    },
    {
      "first": 49,
      "second": 93,
      "amount": 0.225586
    },
    {
      "first": 49,
      "second": 95,
      "amount": 0.225586
    },
    {
      "first": 49,
      "second": 125,
      "amount": 0.225586
    },
    {
      "first": 50,
      "second": 52,
      "amount": -0.65625
    },
    {
      "first": 51,
      "second": 42,
      "amount": -0.738281
    },
    {
      "first": 51,
      "second": 44,
      "amount": -0.820312
    },
    {
      "first": 51,
      "second": 46,
      "amount": -0.820312
    },
    {
      "first": 51,
      "second": 94,
      "amount": -0.738281
    },
    {
      "first": 52,
      "second": 42,
      "amount": -1.78418
    },
    {
      "first": 52,
      "second": 44,
      "amount": -1.415039
    },
    {
      "first": 52,
      "second": 46,
      "amount": -1.415039
    },
    {
      "first": 52,
      "second": 49,
      "amount": -1.702148
    },
    {
      "first": 52,
      "second": 55,
      "amount": -1.066406
    },
    {
      "first": 52,
      "second": 94,
      "amount": -1.78418
    },
    {
      "first": 53,
      "second": 42,
      "amount": -0.512695
    },
    {
      "first": 53,
      "second": 44,
      "amount": -0.984375
    },
    {
      "first": 53,
      "second": 46,
      "amount": -0.984375
    },
    {
      "first": 53,
      "second": 49,
      "amount": -0.451172
    },
    {
      "first": 53,
      "second": 94,
      "amount": -0.512695
    },
    {
      "first": 54,
      "second": 44,
      "amount": -1.168945
    },
    {
      "first": 54,
      "second": 46,
      "amount": -1.168945
    },
    {
      "first": 54,
      "second": 95,
      "amount": -1.907227
    },
    {
      "first": 55,
      "second": 35,
      "amount": -2.378906
    },
    {
      "first": 55,
      "second": 37,
      "amount": 0.307617
    },
    {
      "first": 55,
      "second": 38,
      "amount": -1.907227
    },
    {
      "first": 55,
      "second": 42,
      "amount": 0.410156
    },
    {
      "first": 55,
      "second": 44,
      "amount": -5.25
    },
    {
      "first": 55,
      "second": 46,
      "amount": -5.25
    },
    {
      "first": 55,
      "second": 48,
      "amount": -0.65625
    },
    {
      "first": 55,
      "second": 51,
      "amount": -0.697266
    },
    {
      "first": 55,
      "second": 52,
      "amount": -2.44043
    },
    {
      "first": 55,
      "second": 53,
      "amount": -0.410156
    },
    {
      "first": 55,
      "second": 54,
      "amount": -0.65625
    },
    {
      "first": 55,
      "second": 55,
      "amount": 0.820313
    },
    {
      "first": 55,
      "second": 56,
      "amount": -0.594727
    },
    {
      "first": 55,
      "second": 57,
      "amount": -0.410156
    },
    {
      "first": 55,
      "second": 58,
      "amount": -1.415039
    },
    {
      "first": 55,
      "second": 59,
      "amount": -1.415039
    },
    {
      "first": 55,
      "second": 60,
      "amount": -3.814453
    },
    {
      "first": 55,
      "second": 94,
      "amount": 0.410156
    },
    {
      "first": 55,
      "second": 95,
      "amount": -6.665039
    },
    {
      "first": 56,
      "second": 42,
      "amount": -0.738281
    },
    {
      "first": 56,
      "second": 44,
      "amount": -0.820312
    },
    {
      "first": 56,
      "second": 46,
      "amount": -0.820312
    },
    {
      "first": 56,
      "second": 94,
      "amount": -0.738281
    },
    {
      "first": 57,
      "second": 44,
      "amount": -1.168945
    },
    {
      "first": 57,
      "second": 46,
      "amount": -1.168945
    },
    {
      "first": 57,
      "second": 55,
      "amount": -0.820312
    },
    {
      "first": 57,
      "second": 92,
      "amount": -1.189453
    },
    {
      "first": 57,
      "second": 95,
      "amount": -1.907227
    },
    {
      "first": 58,
      "second": 92,
      "amount": -2.625
    },
    {
      "first": 59,
      "second": 92,
      "amount": -2.625
    },
    {
      "first": 61,
      "second": 92,
      "amount": -2.850586
    },
    {
      "first": 62,
      "second": 55,
      "amount": -3.09668
    },
    {
      "first": 62,
      "second": 92,
      "amount": -3.09668
    },
    {
      "first": 64,
      "second": 44,
      "amount": -1.845703
    },
    {
      "first": 64,
      "second": 46,
      "amount": -1.845703
    },
    {
      "first": 64,
      "second": 47,
      "amount": -1.661133
    },
    {
      "first": 64,
      "second": 92,
      "amount": -1.661133
    },
    {
      "first": 64,
      "second": 95,
      "amount": -1.661133
    },
    {
      "first": 91,
      "second": 124,
      "amount": 0.225586
    },
    {
      "first": 92,
      "second": 34,
      "amount": -3.322266
    },
    {
      "first": 92,
      "second": 36,
      "amount": -0.430664
    },
    {
      "first": 92,
      "second": 39,
      "amount": -3.322266
    },
    {
      "first": 92,
      "second": 42,
      "amount": -3.75293
    },
    {
      "first": 92,
      "second": 43,
      "amount": -1.415039
    },
    {
      "first": 92,
      "second": 45,
      "amount": -1.415039
    },
    {
      "first": 92,
      "second": 47,
      "amount": 0.635742
    },
    {
      "first": 92,
      "second": 48,
      "amount": -0.697266
    },
    {
      "first": 92,
      "second": 49,
      "amount": -2.973633
    },
    {
      "first": 92,
      "second": 54,
      "amount": -0.697266
    },
    {
      "first": 92,
      "second": 60,
      "amount": -1.066406
    },
    {
      "first": 92,
      "second": 61,
      "amount": -2.132812
    },
    {
      "first": 92,
      "second": 63,
      "amount": -2.625
    },
    {
      "first": 92,
      "second": 64,
      "amount": -1.579102
    },
    {
      "first": 92,
      "second": 92,
      "amount": -2.460937
    },
    {
      "first": 92,
      "second": 94,
      "amount": -3.75293
    },
    {
      "first": 92,
      "second": 126,
      "amount": -1.415039
    },
    {
      "first": 94,
      "second": 38,
      "amount": -1.415039
    },
    {
      "first": 94,
      "second": 44,
      "amount": -5.72168
    },
    {
      "first": 94,
      "second": 46,
      "amount": -5.72168
    },
    {
      "first": 94,
      "second": 52,
      "amount": -1.907227
    },
    {
      "first": 94,
      "second": 64,
      "amount": -0.287109
    },
    {
      "first": 94,
      "second": 95,
      "amount": -2.850586
    },
    {
      "first": 95,
      "second": 42,
      "amount": -2.850586
    },
    {
      "first": 95,
      "second": 48,
      "amount": -1.907227
    },
    {
      "first": 95,
      "second": 49,
      "amount": -4.532227
    },
    {
      "first": 95,
      "second": 51,
      "amount": -1.907227
    },
    {
      "first": 95,
      "second": 52,
      "amount": -2.378906
    },
    {
      "first": 95,
      "second": 53,
      "amount": -1.907227
    },
    {
      "first": 95,
      "second": 54,
      "amount": -1.907227
    },
    {
      "first": 95,
      "second": 56,
      "amount": -1.907227
    },
    {
      "first": 95,
      "second": 57,
      "amount": -1.907227
    },
    {
      "first": 95,
      "second": 64,
      "amount": -1.661133
    },
    {
      "first": 95,
      "second": 92,
      "amount": -3.322266
    },
    {
      "first": 95,
      "second": 94,
      "amount": -2.850586
    },
    {
      "first": 95,
      "second": 124,
      "amount": 0.635742
    },
    {
      "first": 123,
      "second": 124,
      "amount": 0.225586
    },
    {
      "first": 124,
      "second": 41,
      "amount": 0.225586
    },
    {
      "first": 124,
      "second": 93,
      "amount": 0.225586
    },
    {
      "first": 124,
      "second": 95,
      "amount": 0.225586
    },
    {
      "first": 124,
      "second": 125,
      "amount": 0.225586
    },
    {
      "first": 126,
      "second": 50,
      "amount": -1.066406
    },
    {
      "first": 126,
      "second": 51,
      "amount": -0.307617
    },
    {
      "first": 126,
      "second": 55,
      "amount": -1.107422
    },
    {
      "first": 126,
      "second": 92,
      "amount": -1.96875
    }
  ],
  "lightningMetrics": {
    "ascender": 1984,
    "descender": -494,
    "lineGap": 0,
    "unitsPerEm": 2048
  }
}