{
  "pages": [
    "Lato-Regular.png"
  ],
  "chars": [
    {
      "id": 87,
      "index": 58,
      "char": "W",
      "width": 46,
      "height": 34,
      "xoffset": -2,
      "yoffset": -2.19,
      "xadvance": 42.798,
      "chnl": 15,
      "x": 0,
      "y": 0,
      "page": 0
    },
    {
      "id": 36,
      "index": 7,
      "char": "$",
      "width": 24,
      "height": 43,
      "xoffset": 0,
      "yoffset": -6.1899999999999995,
      "xadvance": 24.36,
      "chnl": 15,
      "x": 47,
      "y": 0,
      "page": 0
    },
    {
      "id": 40,
      "index": 11,
      "char": "(",
      "width": 12,
      "height": 43,
      "xoffset": 1,
      "yoffset": -5.1899999999999995,
      "xadvance": 12.6,
      "chnl": 15,
      "x": 72,
      "y": 0,
      "page": 0
    },
    {
      "id": 41,
      "index": 12,
      "char": ")",
      "width": 12,
      "height": 43,
      "xoffset": 0,
      "yoffset": -5.1899999999999995,
      "xadvance": 12.6,
      "chnl": 15,
      "x": 85,
      "y": 0,
      "page": 0
    },
    {
      "id": 124,
      "index": 95,
      "char": "|",
      "width": 7,
      "height": 43,
      "xoffset": 3,
      "yoffset": -4.1899999999999995,
      "xadvance": 12.6,
      "chnl": 15,
      "x": 98,
      "y": 0,
      "page": 0
    },
    {
      "id": 91,
      "index": 62,
      "char": "[",
      "width": 12,
      "height": 42,
      "xoffset": 1,
      "yoffset": -4.1899999999999995,
      "xadvance": 12.6,
      "chnl": 15,
      "x": 106,
      "y": 0,
      "page": 0
    },
    {
      "id": 93,
      "index": 64,
      "char": "]",
      "width": 12,
      "height": 42,
      "xoffset": 0,
      "yoffset": -4.1899999999999995,
      "xadvance": 12.6,
      "chnl": 15,
      "x": 106,
      "y": 43,
      "page": 0
    },
    {
      "id": 106,
      "index": 77,
      "char": "j",
      "width": 13,
      "height": 42,
      "xoffset": -3,
      "yoffset": -3.19,
      "xadvance": 10.668,
      "chnl": 15,
      "x": 0,
      "y": 86,
      "page": 0
    },
    {
      "id": 123,
      "index": 94,
      "char": "{",
      "width": 14,
      "height": 42,
      "xoffset": -1,
      "yoffset": -4.1899999999999995,
      "xadvance": 12.6,
      "chnl": 15,
      "x": 14,
      "y": 86,
      "page": 0
    },
    {
      "id": 125,
      "index": 96,
      "char": "}",
      "width": 14,
      "height": 42,
      "xoffset": 0,
      "yoffset": -4.1899999999999995,
      "xadvance": 12.6,
      "chnl": 15,
      "x": 29,
      "y": 86,
      "page": 0
    },
    {
      "id": 81,
      "index": 52,
      "char": "Q",
      "width": 35,
      "height": 41,
      "xoffset": 0,
      "yoffset": -2.19,
      "xadvance": 33.516,
      "chnl": 15,
      "x": 0,
      "y": 44,
      "page": 0
    },
    {
      "id": 64,
      "index": 35,
      "char": "@",
      "width": 35,
      "height": 38,
      "xoffset": 0,
      "yoffset": -1.19,
      "xadvance": 34.524,
      "chnl": 15,
      "x": 36,
      "y": 44,
      "page": 0
    },
    {
      "id": 47,
      "index": 18,
      "char": "/",
      "width": 20,
      "height": 37,
      "xoffset": -2,
      "yoffset": -3.19,
      "xadvance": 15.666,
      "chnl": 15,
      "x": 44,
      "y": 86,
      "page": 0
    },
    {
      "id": 92,
      "index": 63,
      "char": "\\",
      "width": 20,
      "height": 37,
      "xoffset": -2,
      "yoffset": -3.19,
      "xadvance": 15.75,
      "chnl": 15,
      "x": 65,
      "y": 86,
      "page": 0
    },
    {
      "id": 119,
      "index": 90,
      "char": "w",
      "width": 36,
      "height": 25,
      "xoffset": -2,
      "yoffset": 6.8100000000000005,
      "xadvance": 32.172,
      "chnl": 15,
      "x": 86,
      "y": 86,
      "page": 0
    },
    {
      "id": 37,
      "index": 8,
      "char": "%",
      "width": 34,
      "height": 35,
      "xoffset": 0,
      "yoffset": -2.19,
      "xadvance": 33.012,
      "chnl": 15,
      "x": 119,
      "y": 0,
      "page": 0
    },
    {
      "id": 38,
      "index": 9,
      "char": "&",
      "width": 32,
      "height": 35,
      "xoffset": 0,
      "yoffset": -2.19,
      "xadvance": 29.526,
      "chnl": 15,
      "x": 72,
      "y": 44,
      "page": 0
    },
    {
      "id": 48,
      "index": 19,
      "char": "0",
      "width": 26,
      "height": 35,
      "xoffset": -1,
      "yoffset": -2.19,
      "xadvance": 24.36,
      "chnl": 15,
      "x": 119,
      "y": 36,
      "page": 0
    },
    {
      "id": 51,
      "index": 22,
      "char": "3",
      "width": 24,
      "height": 35,
      "xoffset": 0,
      "yoffset": -2.19,
      "xadvance": 24.36,
      "chnl": 15,
      "x": 123,
      "y": 72,
      "page": 0
    },
    {
      "id": 56,
      "index": 27,
      "char": "8",
      "width": 24,
      "height": 35,
      "xoffset": 0,
      "yoffset": -2.19,
      "xadvance": 24.36,
      "chnl": 15,
      "x": 146,
      "y": 36,
      "page": 0
    },
    {
      "id": 63,
      "index": 34,
      "char": "?",
      "width": 19,
      "height": 35,
      "xoffset": -1,
      "yoffset": -2.19,
      "xadvance": 16.716,
      "chnl": 15,
      "x": 154,
      "y": 0,
      "page": 0
    },
    {
      "id": 67,
      "index": 38,
      "char": "C",
      "width": 29,
      "height": 35,
      "xoffset": 0,
      "yoffset": -2.19,
      "xadvance": 28.77,
      "chnl": 15,
      "x": 148,
      "y": 72,
      "page": 0
    },
    {
      "id": 71,
      "index": 42,
      "char": "G",
      "width": 30,
      "height": 35,
      "xoffset": 0,
      "yoffset": -2.19,
      "xadvance": 30.828,
      "chnl": 15,
      "x": 171,
      "y": 36,
      "page": 0
    },
    {
      "id": 77,
      "index": 48,
      "char": "M",
      "width": 35,
      "height": 34,
      "xoffset": 2,
      "yoffset": -2.19,
      "xadvance": 38.64,
      "chnl": 15,
      "x": 174,
      "y": 0,
      "page": 0
    },
    {
      "id": 79,
      "index": 50,
      "char": "O",
      "width": 34,
      "height": 35,
      "xoffset": 0,
      "yoffset": -2.19,
      "xadvance": 33.516,
      "chnl": 15,
      "x": 210,
      "y": 0,
      "page": 0
    },
    {
      "id": 83,
      "index": 54,
      "char": "S",
      "width": 24,
      "height": 35,
      "xoffset": -1,
      "yoffset": -2.19,
      "xadvance": 22.26,
      "chnl": 15,
      "x": 178,
      "y": 72,
      "page": 0
    },
    {
      "id": 98,
      "index": 69,
      "char": "b",
      "width": 23,
      "height": 35,
      "xoffset": 1,
      "yoffset": -3.19,
      "xadvance": 23.478,
      "chnl": 15,
      "x": 202,
      "y": 36,
      "page": 0
    },
    {
      "id": 100,
      "index": 71,
      "char": "d",
      "width": 23,
      "height": 35,
      "xoffset": 0,
      "yoffset": -3.19,
      "xadvance": 23.478,
      "chnl": 15,
      "x": 226,
      "y": 36,
      "page": 0
    },
    {
      "id": 102,
      "index": 73,
      "char": "f",
      "width": 17,
      "height": 35,
      "xoffset": -1,
      "yoffset": -3.19,
      "xadvance": 14.154,
      "chnl": 15,
      "x": 203,
      "y": 72,
      "page": 0
    },
    {
      "id": 104,
      "index": 75,
      "char": "h",
      "width": 22,
      "height": 35,
      "xoffset": 1,
      "yoffset": -3.19,
      "xadvance": 23.352,
      "chnl": 15,
      "x": 221,
      "y": 72,
      "page": 0
    },
    {
      "id": 105,
      "index": 76,
      "char": "i",
      "width": 9,
      "height": 35,
      "xoffset": 1,
      "yoffset": -3.19,
      "xadvance": 10.752,
      "chnl": 15,
      "x": 245,
      "y": 0,
      "page": 0
    },
    {
      "id": 107,
      "index": 78,
      "char": "k",
      "width": 22,
      "height": 35,
      "xoffset": 1,
      "yoffset": -3.19,
      "xadvance": 22.008,
      "chnl": 15,
      "x": 0,
      "y": 129,
      "page": 0
    },
    {
      "id": 108,
      "index": 79,
      "char": "l",
      "width": 8,
      "height": 35,
      "xoffset": 1,
      "yoffset": -3.19,
      "xadvance": 10.752,
      "chnl": 15,
      "x": 244,
      "y": 72,
      "page": 0
    },
    {
      "id": 33,
      "index": 4,
      "char": "!",
      "width": 9,
      "height": 34,
      "xoffset": 3,
      "yoffset": -2.19,
      "xadvance": 14.406,
      "chnl": 15,
      "x": 0,
      "y": 165,
      "page": 0
    },
    {
      "id": 35,
      "index": 6,
      "char": "#",
      "width": 26,
      "height": 34,
      "xoffset": -1,
      "yoffset": -2.19,
      "xadvance": 24.36,
      "chnl": 15,
      "x": 0,
      "y": 200,
      "page": 0
    },
    {
      "id": 49,
      "index": 20,
      "char": "1",
      "width": 22,
      "height": 34,
      "xoffset": 2,
      "yoffset": -2.19,
      "xadvance": 24.36,
      "chnl": 15,
      "x": 10,
      "y": 165,
      "page": 0
    },
    {
      "id": 50,
      "index": 21,
      "char": "2",
      "width": 24,
      "height": 34,
      "xoffset": 0,
      "yoffset": -2.19,
      "xadvance": 24.36,
      "chnl": 15,
      "x": 23,
      "y": 129,
      "page": 0
    },
    {
      "id": 52,
      "index": 23,
      "char": "4",
      "width": 27,
      "height": 34,
      "xoffset": -1,
      "yoffset": -2.19,
      "xadvance": 24.36,
      "chnl": 15,
      "x": 27,
      "y": 200,
      "page": 0
    },
    {
      "id": 53,
      "index": 24,
      "char": "5",
      "width": 23,
      "height": 34,
      "xoffset": 0,
      "yoffset": -2.19,
      "xadvance": 24.36,
      "chnl": 15,
      "x": 33,
      "y": 164,
      "page": 0
    },
    {
      "id": 54,
      "index": 25,
      "char": "6",
      "width": 24,
      "height": 34,
      "xoffset": 0,
      "yoffset": -2.19,
      "xadvance": 24.36,
      "chnl": 15,
      "x": 48,
      "y": 124,
      "page": 0
    },
    {
      "id": 55,
      "index": 26,
      "char": "7",
      "width": 24,
      "height": 34,
      "xoffset": 0,
      "yoffset": -2.19,
      "xadvance": 24.36,
      "chnl": 15,
      "x": 55,
      "y": 199,
      "page": 0
    },
    {
      "id": 57,
      "index": 28,
      "char": "9",
      "width": 24,
      "height": 34,
      "xoffset": 1,
      "yoffset": -2.19,
      "xadvance": 24.36,
      "chnl": 15,
      "x": 57,
      "y": 159,
      "page": 0
    },
    {
      "id": 65,
      "index": 36,
      "char": "A",
      "width": 32,
      "height": 34,
      "xoffset": -2,
      "yoffset": -2.19,
      "xadvance": 28.56,
      "chnl": 15,
      "x": 73,
      "y": 124,
      "page": 0
    },
    {
      "id": 66,
      "index": 37,
      "char": "B",
      "width": 25,
      "height": 34,
      "xoffset": 2,
      "yoffset": -2.19,
      "xadvance": 27.174,
      "chnl": 15,
      "x": 80,
      "y": 194,
      "page": 0
    },
    {
      "id": 68,
      "index": 39,
      "char": "D",
      "width": 30,
      "height": 34,
      "xoffset": 2,
      "yoffset": -2.19,
      "xadvance": 31.626,
      "chnl": 15,
      "x": 82,
      "y": 159,
      "page": 0
    },
    {
      "id": 69,
      "index": 40,
      "char": "E",
      "width": 23,
      "height": 34,
      "xoffset": 2,
      "yoffset": -2.19,
      "xadvance": 24.402,
      "chnl": 15,
      "x": 106,
      "y": 112,
      "page": 0
    },
    {
      "id": 70,
      "index": 41,
      "char": "F",
      "width": 23,
      "height": 34,
      "xoffset": 2,
      "yoffset": -2.19,
      "xadvance": 23.772,
      "chnl": 15,
      "x": 106,
      "y": 194,
      "page": 0
    },
    {
      "id": 72,
      "index": 43,
      "char": "H",
      "width": 28,
      "height": 34,
      "xoffset": 2,
      "yoffset": -2.19,
      "xadvance": 31.752,
      "chnl": 15,
      "x": 113,
      "y": 147,
      "page": 0
    },
    {
      "id": 73,
      "index": 44,
      "char": "I",
      "width": 8,
      "height": 34,
      "xoffset": 2,
      "yoffset": -2.19,
      "xadvance": 12.894,
      "chnl": 15,
      "x": 130,
      "y": 108,
      "page": 0
    },
    {
      "id": 74,
      "index": 45,
      "char": "J",
      "width": 18,
      "height": 34,
      "xoffset": -1,
      "yoffset": -2.19,
      "xadvance": 18.648,
      "chnl": 15,
      "x": 139,
      "y": 108,
      "page": 0
    },
    {
      "id": 75,
      "index": 46,
      "char": "K",
      "width": 28,
      "height": 34,
      "xoffset": 2,
      "yoffset": -2.19,
      "xadvance": 28.602,
      "chnl": 15,
      "x": 130,
      "y": 182,
      "page": 0
    },
    {
      "id": 76,
      "index": 47,
      "char": "L",
      "width": 21,
      "height": 34,
      "xoffset": 2,
      "yoffset": -2.19,
      "xadvance": 21.588,
      "chnl": 15,
      "x": 142,
      "y": 143,
      "page": 0
    },
    {
      "id": 78,
      "index": 49,
      "char": "N",
      "width": 28,
      "height": 34,
      "xoffset": 2,
      "yoffset": -2.19,
      "xadvance": 31.752,
      "chnl": 15,
      "x": 158,
      "y": 108,
      "page": 0
    },
    {
      "id": 80,
      "index": 51,
      "char": "P",
      "width": 24,
      "height": 34,
      "xoffset": 2,
      "yoffset": -2.19,
      "xadvance": 25.662,
      "chnl": 15,
      "x": 130,
      "y": 217,
      "page": 0
    },
    {
      "id": 82,
      "index": 53,
      "char": "R",
      "width": 26,
      "height": 34,
      "xoffset": 2,
      "yoffset": -2.19,
      "xadvance": 27.048,
      "chnl": 15,
      "x": 155,
      "y": 217,
      "page": 0
    },
    {
      "id": 84,
      "index": 55,
      "char": "T",
      "width": 28,
      "height": 34,
      "xoffset": -1,
      "yoffset": -2.19,
      "xadvance": 24.78,
      "chnl": 15,
      "x": 159,
      "y": 178,
      "page": 0
    },
    {
      "id": 85,
      "index": 56,
      "char": "U",
      "width": 28,
      "height": 34,
      "xoffset": 1,
      "yoffset": -2.19,
      "xadvance": 30.66,
      "chnl": 15,
      "x": 164,
      "y": 143,
      "page": 0
    },
    {
      "id": 86,
      "index": 57,
      "char": "V",
      "width": 32,
      "height": 34,
      "xoffset": -2,
      "yoffset": -2.19,
      "xadvance": 28.56,
      "chnl": 15,
      "x": 187,
      "y": 108,
      "page": 0
    },
    {
      "id": 88,
      "index": 59,
      "char": "X",
      "width": 30,
      "height": 34,
      "xoffset": -2,
      "yoffset": -2.19,
      "xadvance": 27.006,
      "chnl": 15,
      "x": 220,
      "y": 108,
      "page": 0
    },
    {
      "id": 89,
      "index": 60,
      "char": "Y",
      "width": 30,
      "height": 34,
      "xoffset": -2,
      "yoffset": -2.19,
      "xadvance": 26.418,
      "chnl": 15,
      "x": 182,
      "y": 213,
      "page": 0
    },
    {
      "id": 90,
      "index": 61,
      "char": "Z",
      "width": 27,
      "height": 34,
      "xoffset": 0,
      "yoffset": -2.19,
      "xadvance": 26.208,
      "chnl": 15,
      "x": 188,
      "y": 178,
      "page": 0
    },
    {
      "id": 103,
      "index": 74,
      "char": "g",
      "width": 24,
      "height": 33,
      "xoffset": -1,
      "yoffset": 5.8100000000000005,
      "xadvance": 21.462,
      "chnl": 15,
      "x": 193,
      "y": 143,
      "page": 0
    },
    {
      "id": 109,
      "index": 80,
      "char": "m",
      "width": 33,
      "height": 26,
      "xoffset": 1,
      "yoffset": 5.8100000000000005,
      "xadvance": 34.482,
      "chnl": 15,
      "x": 80,
      "y": 229,
      "page": 0
    },
    {
      "id": 112,
      "index": 83,
      "char": "p",
      "width": 23,
      "height": 33,
      "xoffset": 1,
      "yoffset": 5.8100000000000005,
      "xadvance": 23.184,
      "chnl": 15,
      "x": 213,
      "y": 213,
      "page": 0
    },
    {
      "id": 113,
      "index": 84,
      "char": "q",
      "width": 23,
      "height": 33,
      "xoffset": 0,
      "yoffset": 5.8100000000000005,
      "xadvance": 23.478,
      "chnl": 15,
      "x": 216,
      "y": 177,
      "page": 0
    },
    {
      "id": 116,
      "index": 87,
      "char": "t",
      "width": 18,
      "height": 33,
      "xoffset": -1,
      "yoffset": -0.18999999999999995,
      "xadvance": 15.666,
      "chnl": 15,
      "x": 218,
      "y": 143,
      "page": 0
    },
    {
      "id": 121,
      "index": 92,
      "char": "y",
      "width": 25,
      "height": 32,
      "xoffset": -2,
      "yoffset": 6.8100000000000005,
      "xadvance": 21.504,
      "chnl": 15,
      "x": 237,
      "y": 143,
      "page": 0
    },
    {
      "id": 59,
      "index": 30,
      "char": ";",
      "width": 9,
      "height": 30,
      "xoffset": 1,
      "yoffset": 6.8100000000000005,
      "xadvance": 10.584,
      "chnl": 15,
      "x": 251,
      "y": 108,
      "page": 0
    },
    {
      "id": 97,
      "index": 68,
      "char": "a",
      "width": 21,
      "height": 26,
      "xoffset": 0,
      "yoffset": 5.8100000000000005,
      "xadvance": 21.294,
      "chnl": 15,
      "x": 250,
      "y": 36,
      "page": 0
    },
    {
      "id": 99,
      "index": 70,
      "char": "c",
      "width": 21,
      "height": 26,
      "xoffset": 0,
      "yoffset": 5.8100000000000005,
      "xadvance": 19.614,
      "chnl": 15,
      "x": 255,
      "y": 0,
      "page": 0
    },
    {
      "id": 101,
      "index": 72,
      "char": "e",
      "width": 23,
      "height": 26,
      "xoffset": 0,
      "yoffset": 5.8100000000000005,
      "xadvance": 22.008,
      "chnl": 15,
      "x": 253,
      "y": 63,
      "page": 0
    },
    {
      "id": 110,
      "index": 81,
      "char": "n",
      "width": 22,
      "height": 26,
      "xoffset": 1,
      "yoffset": 5.8100000000000005,
      "xadvance": 23.352,
      "chnl": 15,
      "x": 272,
      "y": 27,
      "page": 0
    },
    {
      "id": 111,
      "index": 82,
      "char": "o",
      "width": 24,
      "height": 26,
      "xoffset": 0,
      "yoffset": 5.8100000000000005,
      "xadvance": 23.352,
      "chnl": 15,
      "x": 277,
      "y": 0,
      "page": 0
    },
    {
      "id": 114,
      "index": 85,
      "char": "r",
      "width": 17,
      "height": 26,
      "xoffset": 1,
      "yoffset": 5.8100000000000005,
      "xadvance": 16.926,
      "chnl": 15,
      "x": 237,
      "y": 211,
      "page": 0
    },
    {
      "id": 115,
      "index": 86,
      "char": "s",
      "width": 19,
      "height": 26,
      "xoffset": -1,
      "yoffset": 5.8100000000000005,
      "xadvance": 18.228,
      "chnl": 15,
      "x": 240,
      "y": 176,
      "page": 0
    },
    {
      "id": 117,
      "index": 88,
      "char": "u",
      "width": 22,
      "height": 26,
      "xoffset": 1,
      "yoffset": 6.8100000000000005,
      "xadvance": 23.352,
      "chnl": 15,
      "x": 261,
      "y": 90,
      "page": 0
    },
    {
      "id": 43,
      "index": 14,
      "char": "+",
      "width": 24,
      "height": 25,
      "xoffset": 0,
      "yoffset": 3.8099999999999996,
      "xadvance": 24.36,
      "chnl": 15,
      "x": 261,
      "y": 117,
      "page": 0
    },
    {
      "id": 58,
      "index": 29,
      "char": ":",
      "width": 9,
      "height": 25,
      "xoffset": 1,
      "yoffset": 6.8100000000000005,
      "xadvance": 10.584,
      "chnl": 15,
      "x": 114,
      "y": 229,
      "page": 0
    },
    {
      "id": 118,
      "index": 89,
      "char": "v",
      "width": 25,
      "height": 25,
      "xoffset": -2,
      "yoffset": 6.8100000000000005,
      "xadvance": 21.504,
      "chnl": 15,
      "x": 277,
      "y": 54,
      "page": 0
    },
    {
      "id": 120,
      "index": 91,
      "char": "x",
      "width": 24,
      "height": 25,
      "xoffset": -1,
      "yoffset": 6.8100000000000005,
      "xadvance": 21.168,
      "chnl": 15,
      "x": 295,
      "y": 27,
      "page": 0
    },
    {
      "id": 122,
      "index": 93,
      "char": "z",
      "width": 20,
      "height": 25,
      "xoffset": -1,
      "yoffset": 6.8100000000000005,
      "xadvance": 19.404,
      "chnl": 15,
      "x": 302,
      "y": 0,
      "page": 0
    },
    {
      "id": 126,
      "index": 97,
      "char": "~",
      "width": 23,
      "height": 11,
      "xoffset": 0,
      "yoffset": 11.81,
      "xadvance": 24.36,
      "chnl": 15,
      "x": 55,
      "y": 234,
      "page": 0
    },
    {
      "id": 60,
      "index": 31,
      "char": "<",
      "width": 20,
      "height": 22,
      "xoffset": 1,
      "yoffset": 4.8100000000000005,
      "xadvance": 24.36,
      "chnl": 15,
      "x": 284,
      "y": 80,
      "page": 0
    },
    {
      "id": 61,
      "index": 32,
      "char": "=",
      "width": 22,
      "height": 14,
      "xoffset": 1,
      "yoffset": 8.81,
      "xadvance": 24.36,
      "chnl": 15,
      "x": 237,
      "y": 238,
      "page": 0
    },
    {
      "id": 62,
      "index": 33,
      "char": ">",
      "width": 20,
      "height": 22,
      "xoffset": 3,
      "yoffset": 4.8100000000000005,
      "xadvance": 24.36,
      "chnl": 15,
      "x": 303,
      "y": 53,
      "page": 0
    },
    {
      "id": 94,
      "index": 65,
      "char": "^",
      "width": 21,
      "height": 18,
      "xoffset": 1,
      "yoffset": -2.19,
      "xadvance": 24.36,
      "chnl": 15,
      "x": 0,
      "y": 235,
      "page": 0
    },
    {
      "id": 95,
      "index": 66,
      "char": "_",
      "width": 21,
      "height": 7,
      "xoffset": -2,
      "yoffset": 30.810000000000002,
      "xadvance": 16.548,
      "chnl": 15,
      "x": 240,
      "y": 203,
      "page": 0
    },
    {
      "id": 42,
      "index": 13,
      "char": "*",
      "width": 17,
      "height": 18,
      "xoffset": 0,
      "yoffset": -4.1899999999999995,
      "xadvance": 16.8,
      "chnl": 15,
      "x": 22,
      "y": 235,
      "page": 0
    },
    {
      "id": 34,
      "index": 5,
      "char": "\"",
      "width": 14,
      "height": 15,
      "xoffset": 1,
      "yoffset": -2.19,
      "xadvance": 16.674,
      "chnl": 15,
      "x": 40,
      "y": 235,
      "page": 0
    },
    {
      "id": 39,
      "index": 10,
      "char": "'",
      "width": 7,
      "height": 15,
      "xoffset": 1,
      "yoffset": -2.19,
      "xadvance": 9.66,
      "chnl": 15,
      "x": 253,
      "y": 90,
      "page": 0
    },
    {
      "id": 44,
      "index": 15,
      "char": ",",
      "width": 9,
      "height": 15,
      "xoffset": 0,
      "yoffset": 22.81,
      "xadvance": 8.904,
      "chnl": 15,
      "x": 320,
      "y": 26,
      "page": 0
    },
    {
      "id": 45,
      "index": 16,
      "char": "-",
      "width": 14,
      "height": 7,
      "xoffset": 0,
      "yoffset": 13.809999999999999,
      "xadvance": 14.574,
      "chnl": 15,
      "x": 0,
      "y": 35,
      "page": 0
    },
    {
      "id": 96,
      "index": 67,
      "char": "`",
      "width": 12,
      "height": 10,
      "xoffset": -1,
      "yoffset": -2.19,
      "xadvance": 12.894,
      "chnl": 15,
      "x": 55,
      "y": 246,
      "page": 0
    },
    {
      "id": 46,
      "index": 17,
      "char": ".",
      "width": 9,
      "height": 9,
      "xoffset": 0,
      "yoffset": 22.81,
      "xadvance": 8.904,
      "chnl": 15,
      "x": 213,
      "y": 247,
      "page": 0
    },
    {
      "id": 32,
      "index": 3,
      "char": " ",
      "width": 0,
      "height": 0,
      "xoffset": -2,
      "yoffset": 27.81,
      "xadvance": 8.106,
      "chnl": 15,
      "x": 105,
      "y": 44,
      "page": 0
    }
  ],
  "info": {
    "face": "Lato-Regular",
    "size": 42,
    "bold": 0,
    "italic": 0,
    "charset": [
      " ",
      "!",
      "\"",
      "#",
      "$",
      "%",
      "&",
      "'",
      "(",
      ")",
      "*",
      "+",
      ",",
      "-",
      ".",
      "/",
      "0",
      "1",
      "2",
      "3",
      "4",
      "5",
      "6",
      "7",
      "8",
      "9",
      ":",
      ";",
      "<",
      "=",
      ">",
      "?",
      "@",
      "A",
      "B",
      "C",
      "D",
      "E",
      "F",
      "G",
      "H",
      "I",
      "J",
      "K",
      "L",
      "M",
      "N",
      "O",
      "P",
      "Q",
      "R",
      "S",
      "T",
      "U",
      "V",
      "W",
      "X",
      "Y",
      "Z",
      "[",
      "\\",
      "]",
      "^",
      "_",
      "`",
      "a",
      "b",
      "c",
      "d",
      "e",
      "f",
      "g",
      "h",
      "i",
      "j",
      "k",
      "l",
      "m",
      "n",
      "o",
      "p",
      "q",
      "r",
      "s",
      "t",
      "u",
      "v",
      "w",
      "x",
      "y",
      "z",
      "{",
      "|",
      "}",
      "~"
    ],
    "unicode": 1,
    "stretchH": 100,
    "smooth": 1,
    "aa": 1,
    "padding": [
      2,
      2,
      2,
      2
    ],
    "spacing": [
      0,
      0
    ],
    "outline": 0
  },
  "common": {
    "lineHeight": 50.4,
    "base": 31.810000000000002,
    "scaleW": 512,
    "scaleH": 256,
    "pages": 1,
    "packed": 0,
    "alphaChnl": 0,
    "redChnl": 0,
    "greenChnl": 0,
    "blueChnl": 0
  },
  "distanceField": {
    "fieldType": "msdf",
    "distanceRange": 4
  },
  "kernings": [
    {
      "first": 34,
      "second": 38,
      "amount": -3.822
    },
    {
      "first": 34,
      "second": 44,
      "amount": -4.788
    },
    {
      "first": 34,
      "second": 45,
      "amount": -3.738
    },
    {
      "first": 34,
      "second": 46,
      "amount": -4.788
    },
    {
      "first": 34,
      "second": 47,
      "amount": -3.822
    },
    {
      "first": 34,
      "second": 64,
      "amount": -0.966
    },
    {
      "first": 34,
      "second": 65,
      "amount": -3.822
    },
    {
      "first": 34,
      "second": 67,
      "amount": -0.966
    },
    {
      "first": 34,
      "second": 71,
      "amount": -0.966
    },
    {
      "first": 34,
      "second": 79,
      "amount": -0.966
    },
    {
      "first": 34,
      "second": 81,
      "amount": -0.966
    },
    {
      "first": 34,
      "second": 86,
      "amount": 1.008
    },
    {
      "first": 34,
      "second": 87,
      "amount": 1.008
    },
    {
      "first": 34,
      "second": 89,
      "amount": 0.63
    },
    {
      "first": 34,
      "second": 92,
      "amount": 1.008
    },
    {
      "first": 34,
      "second": 97,
      "amount": -1.344
    },
    {
      "first": 34,
      "second": 99,
      "amount": -1.932
    },
    {
      "first": 34,
      "second": 100,
      "amount": -1.932
    },
    {
      "first": 34,
      "second": 101,
      "amount": -1.932
    },
    {
      "first": 34,
      "second": 111,
      "amount": -1.932
    },
    {
      "first": 34,
      "second": 113,
      "amount": -1.932
    },
    {
      "first": 39,
      "second": 38,
      "amount": -3.822
    },
    {
      "first": 39,
      "second": 44,
      "amount": -4.788
    },
    {
      "first": 39,
      "second": 45,
      "amount": -3.738
    },
    {
      "first": 39,
      "second": 46,
      "amount": -4.788
    },
    {
      "first": 39,
      "second": 47,
      "amount": -3.822
    },
    {
      "first": 39,
      "second": 64,
      "amount": -0.966
    },
    {
      "first": 39,
      "second": 65,
      "amount": -3.822
    },
    {
      "first": 39,
      "second": 67,
      "amount": -0.966
    },
    {
      "first": 39,
      "second": 71,
      "amount": -0.966
    },
    {
      "first": 39,
      "second": 79,
      "amount": -0.966
    },
    {
      "first": 39,
      "second": 81,
      "amount": -0.966
    },
    {
      "first": 39,
      "second": 86,
      "amount": 1.008
    },
    {
      "first": 39,
      "second": 87,
      "amount": 1.008
    },
    {
      "first": 39,
      "second": 89,
      "amount": 0.63
    },
    {
      "first": 39,
      "second": 92,
      "amount": 1.008
    },
    {
      "first": 39,
      "second": 97,
      "amount": -1.344
    },
    {
      "first": 39,
      "second": 99,
      "amount": -1.932
    },
    {
      "first": 39,
      "second": 100,
      "amount": -1.932
    },
    {
      "first": 39,
      "second": 101,
      "amount": -1.932
    },
    {
      "first": 39,
      "second": 111,
      "amount": -1.932
    },
    {
      "first": 39,
      "second": 113,
      "amount": -1.932
    },
    {
      "first": 40,
      "second": 64,
      "amount": -0.84
    },
    {
      "first": 40,
      "second": 67,
      "amount": -0.84
    },
    {
      "first": 40,
      "second": 71,
      "amount": -0.84
    },
    {
      "first": 40,
      "second": 79,
      "amount": -0.84
    },
    {
      "first": 40,
      "second": 81,
      "amount": -0.84
    },
    {
      "first": 40,
      "second": 99,
      "amount": -0.672
    },
    {
      "first": 40,
      "second": 100,
      "amount": -0.672
    },
    {
      "first": 40,
      "second": 101,
      "amount": -0.672
    },
    {
      "first": 40,
      "second": 111,
      "amount": -0.672
    },
    {
      "first": 40,
      "second": 113,
      "amount": -0.672
    },
    {
      "first": 42,
      "second": 38,
      "amount": -3.822
    },
    {
      "first": 42,
      "second": 44,
      "amount": -4.788
    },
    {
      "first": 42,
      "second": 45,
      "amount": -3.738
    },
    {
      "first": 42,
      "second": 46,
      "amount": -4.788
    },
    {
      "first": 42,
      "second": 47,
      "amount": -3.822
    },
    {
      "first": 42,
      "second": 64,
      "amount": -0.966
    },
    {
      "first": 42,
      "second": 65,
      "amount": -3.822
    },
    {
      "first": 42,
      "second": 67,
      "amount": -0.966
    },
    {
      "first": 42,
      "second": 71,
      "amount": -0.966
    },
    {
      "first": 42,
      "second": 79,
      "amount": -0.966
    },
    {
      "first": 42,
      "second": 81,
      "amount": -0.966
    },
    {
      "first": 42,
      "second": 86,
      "amount": 1.008
    },
    {
      "first": 42,
      "second": 87,
      "amount": 1.008
    },
    {
      "first": 42,
      "second": 89,
      "amount": 0.63
    },
    {
      "first": 42,
      "second": 92,
      "amount": 1.008
    },
    {
      "first": 42,
      "second": 97,
      "amount": -1.344
    },
    {
      "first": 42,
      "second": 99,
      "amount": -1.932
    },
    {
      "first": 42,
      "second": 100,
      "amount": -1.932
    },
    {
      "first": 42,
      "second": 101,
      "amount": -1.932
    },
    {
      "first": 42,
      "second": 111,
      "amount": -1.932
    },
    {
      "first": 42,
      "second": 113,
      "amount": -1.932
    },
    {
      "first": 44,
      "second": 34,
      "amount": -4.788
    },
    {
      "first": 44,
      "second": 39,
      "amount": -4.788
    },
    {
      "first": 44,
      "second": 42,
      "amount": -4.788
    },
    {
      "first": 44,
      "second": 45,
      "amount": -2.856
    },
    {
      "first": 44,
      "second": 64,
      "amount": -1.176
    },
    {
      "first": 44,
      "second": 67,
      "amount": -1.176
    },
    {
      "first": 44,
      "second": 71,
      "amount": -1.176
    },
    {
      "first": 44,
      "second": 79,
      "amount": -1.176
    },
    {
      "first": 44,
      "second": 81,
      "amount": -1.176
    },
    {
      "first": 44,
      "second": 84,
      "amount": -3.78
    },
    {
      "first": 44,
      "second": 86,
      "amount": -3.78
    },
    {
      "first": 44,
      "second": 87,
      "amount": -2.562
    },
    {
      "first": 44,
      "second": 89,
      "amount": -3.192
    },
    {
      "first": 44,
      "second": 92,
      "amount": -3.78
    },
    {
      "first": 44,
      "second": 118,
      "amount": -2.772
    },
    {
      "first": 44,
      "second": 119,
      "amount": -1.302
    },
    {
      "first": 44,
      "second": 121,
      "amount": -2.772
    },
    {
      "first": 45,
      "second": 34,
      "amount": -3.738
    },
    {
      "first": 45,
      "second": 38,
      "amount": -1.092
    },
    {
      "first": 45,
      "second": 39,
      "amount": -3.738
    },
    {
      "first": 45,
      "second": 42,
      "amount": -3.738
    },
    {
      "first": 45,
      "second": 44,
      "amount": -2.856
    },
    {
      "first": 45,
      "second": 46,
      "amount": -2.856
    },
    {
      "first": 45,
      "second": 47,
      "amount": -1.092
    },
    {
      "first": 45,
      "second": 65,
      "amount": -1.092
    },
    {
      "first": 45,
      "second": 84,
      "amount": -3.78
    },
    {
      "first": 45,
      "second": 86,
      "amount": -2.352
    },
    {
      "first": 45,
      "second": 87,
      "amount": -0.672
    },
    {
      "first": 45,
      "second": 88,
      "amount": -1.302
    },
    {
      "first": 45,
      "second": 89,
      "amount": -3.36
    },
    {
      "first": 45,
      "second": 90,
      "amount": -0.966
    },
    {
      "first": 45,
      "second": 92,
      "amount": -2.352
    },
    {
      "first": 46,
      "second": 34,
      "amount": -4.788
    },
    {
      "first": 46,
      "second": 39,
      "amount": -4.788
    },
    {
      "first": 46,
      "second": 42,
      "amount": -4.788
    },
    {
      "first": 46,
      "second": 45,
      "amount": -2.856
    },
    {
      "first": 46,
      "second": 64,
      "amount": -1.176
    },
    {
      "first": 46,
      "second": 67,
      "amount": -1.176
    },
    {
      "first": 46,
      "second": 71,
      "amount": -1.176
    },
    {
      "first": 46,
      "second": 79,
      "amount": -1.176
    },
    {
      "first": 46,
      "second": 81,
      "amount": -1.176
    },
    {
      "first": 46,
      "second": 84,
      "amount": -3.78
    },
    {
      "first": 46,
      "second": 86,
      "amount": -3.78
    },
    {
      "first": 46,
      "second": 87,
      "amount": -2.562
    },
    {
      "first": 46,
      "second": 89,
      "amount": -3.192
    },
    {
      "first": 46,
      "second": 92,
      "amount": -3.78
    },
    {
      "first": 46,
      "second": 118,
      "amount": -2.772
    },
    {
      "first": 46,
      "second": 119,
      "amount": -1.302
    },
    {
      "first": 46,
      "second": 121,
      "amount": -2.772
    },
    {
      "first": 47,
      "second": 34,
      "amount": 1.008
    },
    {
      "first": 47,
      "second": 38,
      "amount": -2.856
    },
    {
      "first": 47,
      "second": 39,
      "amount": 1.008
    },
    {
      "first": 47,
      "second": 42,
      "amount": 1.008
    },
    {
      "first": 47,
      "second": 44,
      "amount": -4.032
    },
    {
      "first": 47,
      "second": 45,
      "amount": -2.352
    },
    {
      "first": 47,
      "second": 46,
      "amount": -4.032
    },
    {
      "first": 47,
      "second": 47,
      "amount": -2.856
    },
    {
      "first": 47,
      "second": 58,
      "amount": -1.848
    },
    {
      "first": 47,
      "second": 59,
      "amount": -1.848
    },
    {
      "first": 47,
      "second": 63,
      "amount": 1.008
    },
    {
      "first": 47,
      "second": 64,
      "amount": -1.092
    },
    {
      "first": 47,
      "second": 65,
      "amount": -2.856
    },
    {
      "first": 47,
      "second": 67,
      "amount": -1.092
    },
    {
      "first": 47,
      "second": 71,
      "amount": -1.092
    },
    {
      "first": 47,
      "second": 74,
      "amount": -3.192
    },
    {
      "first": 47,
      "second": 79,
      "amount": -1.092
    },
    {
      "first": 47,
      "second": 81,
      "amount": -1.092
    },
    {
      "first": 47,
      "second": 97,
      "amount": -2.436
    },
    {
      "first": 47,
      "second": 99,
      "amount": -2.436
    },
    {
      "first": 47,
      "second": 100,
      "amount": -2.436
    },
    {
      "first": 47,
      "second": 101,
      "amount": -2.436
    },
    {
      "first": 47,
      "second": 102,
      "amount": -0.63
    },
    {
      "first": 47,
      "second": 103,
      "amount": -2.856
    },
    {
      "first": 47,
      "second": 109,
      "amount": -1.848
    },
    {
      "first": 47,
      "second": 110,
      "amount": -1.848
    },
    {
      "first": 47,
      "second": 111,
      "amount": -2.436
    },
    {
      "first": 47,
      "second": 112,
      "amount": -1.848
    },
    {
      "first": 47,
      "second": 113,
      "amount": -2.436
    },
    {
      "first": 47,
      "second": 114,
      "amount": -1.848
    },
    {
      "first": 47,
      "second": 115,
      "amount": -2.226
    },
    {
      "first": 47,
      "second": 116,
      "amount": -0.882
    },
    {
      "first": 47,
      "second": 117,
      "amount": -1.848
    },
    {
      "first": 47,
      "second": 118,
      "amount": -1.008
    },
    {
      "first": 47,
      "second": 120,
      "amount": -1.092
    },
    {
      "first": 47,
      "second": 121,
      "amount": -1.008
    },
    {
      "first": 47,
      "second": 122,
      "amount": -1.722
    },
    {
      "first": 64,
      "second": 34,
      "amount": -0.966
    },
    {
      "first": 64,
      "second": 38,
      "amount": -0.882
    },
    {
      "first": 64,
      "second": 39,
      "amount": -0.966
    },
    {
      "first": 64,
      "second": 41,
      "amount": -0.84
    },
    {
      "first": 64,
      "second": 42,
      "amount": -0.966
    },
    {
      "first": 64,
      "second": 44,
      "amount": -1.176
    },
    {
      "first": 64,
      "second": 46,
      "amount": -1.176
    },
    {
      "first": 64,
      "second": 47,
      "amount": -0.882
    },
    {
      "first": 64,
      "second": 65,
      "amount": -0.882
    },
    {
      "first": 64,
      "second": 84,
      "amount": -2.058
    },
    {
      "first": 64,
      "second": 86,
      "amount": -1.092
    },
    {
      "first": 64,
      "second": 88,
      "amount": -0.63
    },
    {
      "first": 64,
      "second": 89,
      "amount": -1.68
    },
    {
      "first": 64,
      "second": 90,
      "amount": -1.47
    },
    {
      "first": 64,
      "second": 92,
      "amount": -1.092
    },
    {
      "first": 64,
      "second": 93,
      "amount": -0.84
    },
    {
      "first": 64,
      "second": 125,
      "amount": -0.84
    },
    {
      "first": 65,
      "second": 34,
      "amount": -3.822
    },
    {
      "first": 65,
      "second": 39,
      "amount": -3.822
    },
    {
      "first": 65,
      "second": 42,
      "amount": -3.822
    },
    {
      "first": 65,
      "second": 45,
      "amount": -1.092
    },
    {
      "first": 65,
      "second": 63,
      "amount": -1.176
    },
    {
      "first": 65,
      "second": 64,
      "amount": -0.882
    },
    {
      "first": 65,
      "second": 67,
      "amount": -0.882
    },
    {
      "first": 65,
      "second": 71,
      "amount": -0.882
    },
    {
      "first": 65,
      "second": 74,
      "amount": 1.05
    },
    {
      "first": 65,
      "second": 79,
      "amount": -0.882
    },
    {
      "first": 65,
      "second": 81,
      "amount": -0.882
    },
    {
      "first": 65,
      "second": 84,
      "amount": -2.772
    },
    {
      "first": 65,
      "second": 85,
      "amount": -1.176
    },
    {
      "first": 65,
      "second": 86,
      "amount": -2.856
    },
    {
      "first": 65,
      "second": 87,
      "amount": -1.764
    },
    {
      "first": 65,
      "second": 89,
      "amount": -3.444
    },
    {
      "first": 65,
      "second": 92,
      "amount": -2.856
    },
    {
      "first": 65,
      "second": 118,
      "amount": -1.722
    },
    {
      "first": 65,
      "second": 121,
      "amount": -1.722
    },
    {
      "first": 67,
      "second": 45,
      "amount": -3.15
    },
    {
      "first": 68,
      "second": 34,
      "amount": -0.966
    },
    {
      "first": 68,
      "second": 38,
      "amount": -0.882
    },
    {
      "first": 68,
      "second": 39,
      "amount": -0.966
    },
    {
      "first": 68,
      "second": 41,
      "amount": -0.84
    },
    {
      "first": 68,
      "second": 42,
      "amount": -0.966
    },
    {
      "first": 68,
      "second": 44,
      "amount": -1.176
    },
    {
      "first": 68,
      "second": 46,
      "amount": -1.176
    },
    {
      "first": 68,
      "second": 47,
      "amount": -0.882
    },
    {
      "first": 68,
      "second": 65,
      "amount": -0.882
    },
    {
      "first": 68,
      "second": 84,
      "amount": -2.058
    },
    {
      "first": 68,
      "second": 86,
      "amount": -1.092
    },
    {
      "first": 68,
      "second": 88,
      "amount": -0.63
    },
    {
      "first": 68,
      "second": 89,
      "amount": -1.68
    },
    {
      "first": 68,
      "second": 90,
      "amount": -1.47
    },
    {
      "first": 68,
      "second": 92,
      "amount": -1.092
    },
    {
      "first": 68,
      "second": 93,
      "amount": -0.84
    },
    {
      "first": 68,
      "second": 125,
      "amount": -0.84
    },
    {
      "first": 70,
      "second": 38,
      "amount": -2.772
    },
    {
      "first": 70,
      "second": 44,
      "amount": -3.78
    },
    {
      "first": 70,
      "second": 46,
      "amount": -3.78
    },
    {
      "first": 70,
      "second": 47,
      "amount": -2.772
    },
    {
      "first": 70,
      "second": 58,
      "amount": -1.26
    },
    {
      "first": 70,
      "second": 59,
      "amount": -1.26
    },
    {
      "first": 70,
      "second": 63,
      "amount": 0.63
    },
    {
      "first": 70,
      "second": 65,
      "amount": -2.772
    },
    {
      "first": 70,
      "second": 74,
      "amount": -4.158
    },
    {
      "first": 70,
      "second": 99,
      "amount": -1.47
    },
    {
      "first": 70,
      "second": 100,
      "amount": -1.47
    },
    {
      "first": 70,
      "second": 101,
      "amount": -1.47
    },
    {
      "first": 70,
      "second": 109,
      "amount": -1.26
    },
    {
      "first": 70,
      "second": 110,
      "amount": -1.26
    },
    {
      "first": 70,
      "second": 111,
      "amount": -1.47
    },
    {
      "first": 70,
      "second": 112,
      "amount": -1.26
    },
    {
      "first": 70,
      "second": 113,
      "amount": -1.47
    },
    {
      "first": 70,
      "second": 114,
      "amount": -1.26
    },
    {
      "first": 70,
      "second": 117,
      "amount": -1.26
    },
    {
      "first": 74,
      "second": 38,
      "amount": -1.176
    },
    {
      "first": 74,
      "second": 44,
      "amount": -1.05
    },
    {
      "first": 74,
      "second": 46,
      "amount": -1.05
    },
    {
      "first": 74,
      "second": 47,
      "amount": -1.176
    },
    {
      "first": 74,
      "second": 65,
      "amount": -1.176
    },
    {
      "first": 75,
      "second": 45,
      "amount": -1.302
    },
    {
      "first": 75,
      "second": 64,
      "amount": -0.63
    },
    {
      "first": 75,
      "second": 67,
      "amount": -0.63
    },
    {
      "first": 75,
      "second": 71,
      "amount": -0.63
    },
    {
      "first": 75,
      "second": 79,
      "amount": -0.63
    },
    {
      "first": 75,
      "second": 81,
      "amount": -0.63
    },
    {
      "first": 75,
      "second": 99,
      "amount": -0.756
    },
    {
      "first": 75,
      "second": 100,
      "amount": -0.756
    },
    {
      "first": 75,
      "second": 101,
      "amount": -0.756
    },
    {
      "first": 75,
      "second": 102,
      "amount": -1.092
    },
    {
      "first": 75,
      "second": 111,
      "amount": -0.756
    },
    {
      "first": 75,
      "second": 113,
      "amount": -0.756
    },
    {
      "first": 75,
      "second": 116,
      "amount": -1.722
    },
    {
      "first": 75,
      "second": 118,
      "amount": -1.386
    },
    {
      "first": 75,
      "second": 119,
      "amount": -1.176
    },
    {
      "first": 75,
      "second": 121,
      "amount": -1.386
    },
    {
      "first": 76,
      "second": 34,
      "amount": -6.09
    },
    {
      "first": 76,
      "second": 39,
      "amount": -6.09
    },
    {
      "first": 76,
      "second": 42,
      "amount": -6.09
    },
    {
      "first": 76,
      "second": 44,
      "amount": 1.134
    },
    {
      "first": 76,
      "second": 45,
      "amount": -4.158
    },
    {
      "first": 76,
      "second": 46,
      "amount": 1.134
    },
    {
      "first": 76,
      "second": 63,
      "amount": -1.05
    },
    {
      "first": 76,
      "second": 64,
      "amount": -1.68
    },
    {
      "first": 76,
      "second": 67,
      "amount": -1.68
    },
    {
      "first": 76,
      "second": 71,
      "amount": -1.68
    },
    {
      "first": 76,
      "second": 79,
      "amount": -1.68
    },
    {
      "first": 76,
      "second": 81,
      "amount": -1.68
    },
    {
      "first": 76,
      "second": 84,
      "amount": -3.612
    },
    {
      "first": 76,
      "second": 86,
      "amount": -3.822
    },
    {
      "first": 76,
      "second": 87,
      "amount": -3.192
    },
    {
      "first": 76,
      "second": 89,
      "amount": -4.452
    },
    {
      "first": 76,
      "second": 92,
      "amount": -3.822
    },
    {
      "first": 76,
      "second": 99,
      "amount": -0.756
    },
    {
      "first": 76,
      "second": 100,
      "amount": -0.756
    },
    {
      "first": 76,
      "second": 101,
      "amount": -0.756
    },
    {
      "first": 76,
      "second": 111,
      "amount": -0.756
    },
    {
      "first": 76,
      "second": 113,
      "amount": -0.756
    },
    {
      "first": 76,
      "second": 118,
      "amount": -2.268
    },
    {
      "first": 76,
      "second": 119,
      "amount": -1.68
    },
    {
      "first": 76,
      "second": 121,
      "amount": -2.268
    },
    {
      "first": 79,
      "second": 34,
      "amount": -0.966
    },
    {
      "first": 79,
      "second": 38,
      "amount": -0.882
    },
    {
      "first": 79,
      "second": 39,
      "amount": -0.966
    },
    {
      "first": 79,
      "second": 41,
      "amount": -0.84
    },
    {
      "first": 79,
      "second": 42,
      "amount": -0.966
    },
    {
      "first": 79,
      "second": 44,
      "amount": -1.176
    },
    {
      "first": 79,
      "second": 46,
      "amount": -1.176
    },
    {
      "first": 79,
      "second": 47,
      "amount": -0.882
    },
    {
      "first": 79,
      "second": 65,
      "amount": -0.882
    },
    {
      "first": 79,
      "second": 84,
      "amount": -2.058
    },
    {
      "first": 79,
      "second": 86,
      "amount": -1.092
    },
    {
      "first": 79,
      "second": 88,
      "amount": -0.63
    },
    {
      "first": 79,
      "second": 89,
      "amount": -1.68
    },
    {
      "first": 79,
      "second": 90,
      "amount": -1.47
    },
    {
      "first": 79,
      "second": 92,
      "amount": -1.092
    },
    {
      "first": 79,
      "second": 93,
      "amount": -0.84
    },
    {
      "first": 79,
      "second": 125,
      "amount": -0.84
    },
    {
      "first": 80,
      "second": 38,
      "amount": -2.898
    },
    {
      "first": 80,
      "second": 44,
      "amount": -5.208
    },
    {
      "first": 80,
      "second": 46,
      "amount": -5.208
    },
    {
      "first": 80,
      "second": 47,
      "amount": -2.898
    },
    {
      "first": 80,
      "second": 65,
      "amount": -2.898
    },
    {
      "first": 80,
      "second": 74,
      "amount": -3.822
    },
    {
      "first": 80,
      "second": 97,
      "amount": -1.05
    },
    {
      "first": 80,
      "second": 99,
      "amount": -0.63
    },
    {
      "first": 80,
      "second": 100,
      "amount": -0.63
    },
    {
      "first": 80,
      "second": 101,
      "amount": -0.63
    },
    {
      "first": 80,
      "second": 111,
      "amount": -0.63
    },
    {
      "first": 80,
      "second": 113,
      "amount": -0.63
    },
    {
      "first": 81,
      "second": 34,
      "amount": -0.966
    },
    {
      "first": 81,
      "second": 38,
      "amount": -0.882
    },
    {
      "first": 81,
      "second": 39,
      "amount": -0.966
    },
    {
      "first": 81,
      "second": 41,
      "amount": -0.84
    },
    {
      "first": 81,
      "second": 42,
      "amount": -0.966
    },
    {
      "first": 81,
      "second": 44,
      "amount": -1.176
    },
    {
      "first": 81,
      "second": 46,
      "amount": -1.176
    },
    {
      "first": 81,
      "second": 47,
      "amount": -0.882
    },
    {
      "first": 81,
      "second": 65,
      "amount": -0.882
    },
    {
      "first": 81,
      "second": 84,
      "amount": -2.058
    },
    {
      "first": 81,
      "second": 86,
      "amount": -1.092
    },
    {
      "first": 81,
      "second": 88,
      "amount": -0.63
    },
    {
      "first": 81,
      "second": 89,
      "amount": -1.68
    },
    {
      "first": 81,
      "second": 90,
      "amount": -1.47
    },
    {
      "first": 81,
      "second": 92,
      "amount": -1.092
    },
    {
      "first": 81,
      "second": 93,
      "amount": -0.84
    },
    {
      "first": 81,
      "second": 125,
      "amount": -0.84
    },
    {
      "first": 82,
      "second": 64,
      "amount": -0.966
    },
    {
      "first": 82,
      "second": 67,
      "amount": -0.966
    },
    {
      "first": 82,
      "second": 71,
      "amount": -0.966
    },
    {
      "first": 82,
      "second": 79,
      "amount": -0.966
    },
    {
      "first": 82,
      "second": 81,
      "amount": -0.966
    },
    {
      "first": 82,
      "second": 84,
      "amount": -1.092
    },
    {
      "first": 82,
      "second": 85,
      "amount": -0.882
    },
    {
      "first": 84,
      "second": 38,
      "amount": -2.772
    },
    {
      "first": 84,
      "second": 44,
      "amount": -3.78
    },
    {
      "first": 84,
      "second": 45,
      "amount": -3.78
    },
    {
      "first": 84,
      "second": 46,
      "amount": -3.78
    },
    {
      "first": 84,
      "second": 47,
      "amount": -2.772
    },
    {
      "first": 84,
      "second": 58,
      "amount": -3.36
    },
    {
      "first": 84,
      "second": 59,
      "amount": -3.36
    },
    {
      "first": 84,
      "second": 64,
      "amount": -2.058
    },
    {
      "first": 84,
      "second": 65,
      "amount": -2.772
    },
    {
      "first": 84,
      "second": 67,
      "amount": -2.058
    },
    {
      "first": 84,
      "second": 71,
      "amount": -2.058
    },
    {
      "first": 84,
      "second": 74,
      "amount": -4.2
    },
    {
      "first": 84,
      "second": 79,
      "amount": -2.058
    },
    {
      "first": 84,
      "second": 81,
      "amount": -2.058
    },
    {
      "first": 84,
      "second": 97,
      "amount": -5.25
    },
    {
      "first": 84,
      "second": 99,
      "amount": -4.41
    },
    {
      "first": 84,
      "second": 100,
      "amount": -4.41
    },
    {
      "first": 84,
      "second": 101,
      "amount": -4.41
    },
    {
      "first": 84,
      "second": 103,
      "amount": -3.948
    },
    {
      "first": 84,
      "second": 109,
      "amount": -3.36
    },
    {
      "first": 84,
      "second": 110,
      "amount": -3.36
    },
    {
      "first": 84,
      "second": 111,
      "amount": -4.41
    },
    {
      "first": 84,
      "second": 112,
      "amount": -3.36
    },
    {
      "first": 84,
      "second": 113,
      "amount": -4.41
    },
    {
      "first": 84,
      "second": 114,
      "amount": -3.36
    },
    {
      "first": 84,
      "second": 115,
      "amount": -3.402
    },
    {
      "first": 84,
      "second": 117,
      "amount": -3.36
    },
    {
      "first": 84,
      "second": 118,
      "amount": -3.78
    },
    {
      "first": 84,
      "second": 119,
      "amount": -2.94
    },
    {
      "first": 84,
      "second": 120,
      "amount": -3.024
    },
    {
      "first": 84,
      "second": 121,
      "amount": -3.78
    },
    {
      "first": 84,
      "second": 122,
      "amount": -2.52
    },
    {
      "first": 85,
      "second": 38,
      "amount": -1.176
    },
    {
      "first": 85,
      "second": 44,
      "amount": -1.05
    },
    {
      "first": 85,
      "second": 46,
      "amount": -1.05
    },
    {
      "first": 85,
      "second": 47,
      "amount": -1.176
    },
    {
      "first": 85,
      "second": 65,
      "amount": -1.176
    },
    {
      "first": 86,
      "second": 34,
      "amount": 1.008
    },
    {
      "first": 86,
      "second": 38,
      "amount": -2.856
    },
    {
      "first": 86,
      "second": 39,
      "amount": 1.008
    },
    {
      "first": 86,
      "second": 42,
      "amount": 1.008
    },
    {
      "first": 86,
      "second": 44,
      "amount": -4.032
    },
    {
      "first": 86,
      "second": 45,
      "amount": -2.352
    },
    {
      "first": 86,
      "second": 46,
      "amount": -4.032
    },
    {
      "first": 86,
      "second": 47,
      "amount": -2.856
    },
    {
      "first": 86,
      "second": 58,
      "amount": -1.848
    },
    {
      "first": 86,
      "second": 59,
      "amount": -1.848
    },
    {
      "first": 86,
      "second": 63,
      "amount": 1.008
    },
    {
      "first": 86,
      "second": 64,
      "amount": -1.092
    },
    {
      "first": 86,
      "second": 65,
      "amount": -2.856
    },
    {
      "first": 86,
      "second": 67,
      "amount": -1.092
    },
    {
      "first": 86,
      "second": 71,
      "amount": -1.092
    },
    {
      "first": 86,
      "second": 74,
      "amount": -3.192
    },
    {
      "first": 86,
      "second": 79,
      "amount": -1.092
    },
    {
      "first": 86,
      "second": 81,
      "amount": -1.092
    },
    {
      "first": 86,
      "second": 97,
      "amount": -2.436
    },
    {
      "first": 86,
      "second": 99,
      "amount": -2.436
    },
    {
      "first": 86,
      "second": 100,
      "amount": -2.436
    },
    {
      "first": 86,
      "second": 101,
      "amount": -2.436
    },
    {
      "first": 86,
      "second": 102,
      "amount": -0.63
    },
    {
      "first": 86,
      "second": 103,
      "amount": -2.856
    },
    {
      "first": 86,
      "second": 109,
      "amount": -1.848
    },
    {
      "first": 86,
      "second": 110,
      "amount": -1.848
    },
    {
      "first": 86,
      "second": 111,
      "amount": -2.436
    },
    {
      "first": 86,
      "second": 112,
      "amount": -1.848
    },
    {
      "first": 86,
      "second": 113,
      "amount": -2.436
    },
    {
      "first": 86,
      "second": 114,
      "amount": -1.848
    },
    {
      "first": 86,
      "second": 115,
      "amount": -2.226
    },
    {
      "first": 86,
      "second": 116,
      "amount": -0.882
    },
    {
      "first": 86,
      "second": 117,
      "amount": -1.848
    },
    {
      "first": 86,
      "second": 118,
      "amount": -1.008
    },
    {
      "first": 86,
      "second": 120,
      "amount": -1.092
    },
    {
      "first": 86,
      "second": 121,
      "amount": -1.008
    },
    {
      "first": 86,
      "second": 122,
      "amount": -1.722
    },
    {
      "first": 87,
      "second": 34,
      "amount": 1.008
    },
    {
      "first": 87,
      "second": 38,
      "amount": -1.974
    },
    {
      "first": 87,
      "second": 39,
      "amount": 1.008
    },
    {
      "first": 87,
      "second": 42,
      "amount": 1.008
    },
    {
      "first": 87,
      "second": 44,
      "amount": -2.562
    },
    {
      "first": 87,
      "second": 45,
      "amount": -0.672
    },
    {
      "first": 87,
      "second": 46,
      "amount": -2.562
    },
    {
      "first": 87,
      "second": 47,
      "amount": -1.974
    },
    {
      "first": 87,
      "second": 63,
      "amount": 0.714
    },
    {
      "first": 87,
      "second": 65,
      "amount": -1.974
    },
    {
      "first": 87,
      "second": 74,
      "amount": -2.142
    },
    {
      "first": 87,
      "second": 97,
      "amount": -1.848
    },
    {
      "first": 87,
      "second": 99,
      "amount": -0.672
    },
    {
      "first": 87,
      "second": 100,
      "amount": -0.672
    },
    {
      "first": 87,
      "second": 101,
      "amount": -0.672
    },
    {
      "first": 87,
      "second": 103,
      "amount": -2.058
    },
    {
      "first": 87,
      "second": 111,
      "amount": -0.672
    },
    {
      "first": 87,
      "second": 113,
      "amount": -0.672
    },
    {
      "first": 87,
      "second": 115,
      "amount": -0.966
    },
    {
      "first": 88,
      "second": 45,
      "amount": -1.302
    },
    {
      "first": 88,
      "second": 64,
      "amount": -0.63
    },
    {
      "first": 88,
      "second": 67,
      "amount": -0.63
    },
    {
      "first": 88,
      "second": 71,
      "amount": -0.63
    },
    {
      "first": 88,
      "second": 79,
      "amount": -0.63
    },
    {
      "first": 88,
      "second": 81,
      "amount": -0.63
    },
    {
      "first": 88,
      "second": 99,
      "amount": -0.756
    },
    {
      "first": 88,
      "second": 100,
      "amount": -0.756
    },
    {
      "first": 88,
      "second": 101,
      "amount": -0.756
    },
    {
      "first": 88,
      "second": 102,
      "amount": -1.092
    },
    {
      "first": 88,
      "second": 111,
      "amount": -0.756
    },
    {
      "first": 88,
      "second": 113,
      "amount": -0.756
    },
    {
      "first": 88,
      "second": 116,
      "amount": -1.722
    },
    {
      "first": 88,
      "second": 118,
      "amount": -1.386
    },
    {
      "first": 88,
      "second": 119,
      "amount": -1.176
    },
    {
      "first": 88,
      "second": 121,
      "amount": -1.386
    },
    {
      "first": 89,
      "second": 34,
      "amount": 0.63
    },
    {
      "first": 89,
      "second": 38,
      "amount": -3.444
    },
    {
      "first": 89,
      "second": 39,
      "amount": 0.63
    },
    {
      "first": 89,
      "second": 42,
      "amount": 0.63
    },
    {
      "first": 89,
      "second": 44,
      "amount": -3.192
    },
    {
      "first": 89,
      "second": 45,
      "amount": -3.36
    },
    {
      "first": 89,
      "second": 46,
      "amount": -3.192
    },
    {
      "first": 89,
      "second": 47,
      "amount": -3.444
    },
    {
      "first": 89,
      "second": 58,
      "amount": -2.562
    },
    {
      "first": 89,
      "second": 59,
      "amount": -2.562
    },
    {
      "first": 89,
      "second": 63,
      "amount": 0.714
    },
    {
      "first": 89,
      "second": 64,
      "amount": -1.68
    },
    {
      "first": 89,
      "second": 65,
      "amount": -3.444
    },
    {
      "first": 89,
      "second": 67,
      "amount": -1.68
    },
    {
      "first": 89,
      "second": 71,
      "amount": -1.68
    },
    {
      "first": 89,
      "second": 74,
      "amount": -4.2
    },
    {
      "first": 89,
      "second": 79,
      "amount": -1.68
    },
    {
      "first": 89,
      "second": 81,
      "amount": -1.68
    },
    {
      "first": 89,
      "second": 97,
      "amount": -2.688
    },
    {
      "first": 89,
      "second": 99,
      "amount": -3.36
    },
    {
      "first": 89,
      "second": 100,
      "amount": -3.36
    },
    {
      "first": 89,
      "second": 101,
      "amount": -3.36
    },
    {
      "first": 89,
      "second": 103,
      "amount": -3.612
    },
    {
      "first": 89,
      "second": 109,
      "amount": -2.562
    },
    {
      "first": 89,
      "second": 110,
      "amount": -2.562
    },
    {
      "first": 89,
      "second": 111,
      "amount": -3.36
    },
    {
      "first": 89,
      "second": 112,
      "amount": -2.562
    },
    {
      "first": 89,
      "second": 113,
      "amount": -3.36
    },
    {
      "first": 89,
      "second": 114,
      "amount": -2.562
    },
    {
      "first": 89,
      "second": 115,
      "amount": -2.688
    },
    {
      "first": 89,
      "second": 117,
      "amount": -2.562
    },
    {
      "first": 89,
      "second": 118,
      "amount": -2.1
    },
    {
      "first": 89,
      "second": 119,
      "amount": -1.932
    },
    {
      "first": 89,
      "second": 120,
      "amount": -2.772
    },
    {
      "first": 89,
      "second": 121,
      "amount": -2.1
    },
    {
      "first": 90,
      "second": 45,
      "amount": -1.47
    },
    {
      "first": 90,
      "second": 63,
      "amount": 0.714
    },
    {
      "first": 90,
      "second": 64,
      "amount": -1.218
    },
    {
      "first": 90,
      "second": 67,
      "amount": -1.218
    },
    {
      "first": 90,
      "second": 71,
      "amount": -1.218
    },
    {
      "first": 90,
      "second": 79,
      "amount": -1.218
    },
    {
      "first": 90,
      "second": 81,
      "amount": -1.218
    },
    {
      "first": 90,
      "second": 99,
      "amount": -0.798
    },
    {
      "first": 90,
      "second": 100,
      "amount": -0.798
    },
    {
      "first": 90,
      "second": 101,
      "amount": -0.798
    },
    {
      "first": 90,
      "second": 111,
      "amount": -0.798
    },
    {
      "first": 90,
      "second": 113,
      "amount": -0.798
    },
    {
      "first": 90,
      "second": 115,
      "amount": -0.588
    },
    {
      "first": 90,
      "second": 118,
      "amount": -0.84
    },
    {
      "first": 90,
      "second": 121,
      "amount": -0.84
    },
    {
      "first": 91,
      "second": 64,
      "amount": -0.84
    },
    {
      "first": 91,
      "second": 67,
      "amount": -0.84
    },
    {
      "first": 91,
      "second": 71,
      "amount": -0.84
    },
    {
      "first": 91,
      "second": 79,
      "amount": -0.84
    },
    {
      "first": 91,
      "second": 81,
      "amount": -0.84
    },
    {
      "first": 91,
      "second": 99,
      "amount": -0.672
    },
    {
      "first": 91,
      "second": 100,
      "amount": -0.672
    },
    {
      "first": 91,
      "second": 101,
      "amount": -0.672
    },
    {
      "first": 91,
      "second": 111,
      "amount": -0.672
    },
    {
      "first": 91,
      "second": 113,
      "amount": -0.672
    },
    {
      "first": 92,
      "second": 34,
      "amount": -3.822
    },
    {
      "first": 92,
      "second": 39,
      "amount": -3.822
    },
    {
      "first": 92,
      "second": 42,
      "amount": -3.822
    },
    {
      "first": 92,
      "second": 45,
      "amount": -1.092
    },
    {
      "first": 92,
      "second": 63,
      "amount": -1.176
    },
    {
      "first": 92,
      "second": 64,
      "amount": -0.882
    },
    {
      "first": 92,
      "second": 67,
      "amount": -0.882
    },
    {
      "first": 92,
      "second": 71,
      "amount": -0.882
    },
    {
      "first": 92,
      "second": 74,
      "amount": 1.05
    },
    {
      "first": 92,
      "second": 79,
      "amount": -0.882
    },
    {
      "first": 92,
      "second": 81,
      "amount": -0.882
    },
    {
      "first": 92,
      "second": 84,
      "amount": -2.772
    },
    {
      "first": 92,
      "second": 85,
      "amount": -1.176
    },
    {
      "first": 92,
      "second": 86,
      "amount": -2.856
    },
    {
      "first": 92,
      "second": 87,
      "amount": -1.764
    },
    {
      "first": 92,
      "second": 89,
      "amount": -3.444
    },
    {
      "first": 92,
      "second": 92,
      "amount": -2.856
    },
    {
      "first": 92,
      "second": 118,
      "amount": -1.722
    },
    {
      "first": 92,
      "second": 121,
      "amount": -1.722
    },
    {
      "first": 97,
      "second": 34,
      "amount": -1.512
    },
    {
      "first": 97,
      "second": 39,
      "amount": -1.512
    },
    {
      "first": 97,
      "second": 42,
      "amount": -1.512
    },
    {
      "first": 97,
      "second": 118,
      "amount": -0.672
    },
    {
      "first": 97,
      "second": 119,
      "amount": -0.336
    },
    {
      "first": 97,
      "second": 121,
      "amount": -0.672
    },
    {
      "first": 98,
      "second": 34,
      "amount": -1.932
    },
    {
      "first": 98,
      "second": 39,
      "amount": -1.932
    },
    {
      "first": 98,
      "second": 41,
      "amount": -0.672
    },
    {
      "first": 98,
      "second": 42,
      "amount": -1.932
    },
    {
      "first": 98,
      "second": 86,
      "amount": -2.436
    },
    {
      "first": 98,
      "second": 87,
      "amount": -0.672
    },
    {
      "first": 98,
      "second": 92,
      "amount": -2.436
    },
    {
      "first": 98,
      "second": 93,
      "amount": -0.672
    },
    {
      "first": 98,
      "second": 118,
      "amount": -0.546
    },
    {
      "first": 98,
      "second": 120,
      "amount": -1.26
    },
    {
      "first": 98,
      "second": 121,
      "amount": -0.546
    },
    {
      "first": 98,
      "second": 125,
      "amount": -0.672
    },
    {
      "first": 101,
      "second": 34,
      "amount": -1.932
    },
    {
      "first": 101,
      "second": 39,
      "amount": -1.932
    },
    {
      "first": 101,
      "second": 41,
      "amount": -0.672
    },
    {
      "first": 101,
      "second": 42,
      "amount": -1.932
    },
    {
      "first": 101,
      "second": 86,
      "amount": -2.436
    },
    {
      "first": 101,
      "second": 87,
      "amount": -0.672
    },
    {
      "first": 101,
      "second": 92,
      "amount": -2.436
    },
    {
      "first": 101,
      "second": 93,
      "amount": -0.672
    },
    {
      "first": 101,
      "second": 118,
      "amount": -0.546
    },
    {
      "first": 101,
      "second": 120,
      "amount": -1.26
    },
    {
      "first": 101,
      "second": 121,
      "amount": -0.546
    },
    {
      "first": 101,
      "second": 125,
      "amount": -0.672
    },
    {
      "first": 102,
      "second": 34,
      "amount": 1.428
    },
    {
      "first": 102,
      "second": 39,
      "amount": 1.428
    },
    {
      "first": 102,
      "second": 42,
      "amount": 1.428
    },
    {
      "first": 102,
      "second": 44,
      "amount": -2.73
    },
    {
      "first": 102,
      "second": 46,
      "amount": -2.73
    },
    {
      "first": 104,
      "second": 34,
      "amount": -1.512
    },
    {
      "first": 104,
      "second": 39,
      "amount": -1.512
    },
    {
      "first": 104,
      "second": 42,
      "amount": -1.512
    },
    {
      "first": 104,
      "second": 118,
      "amount": -0.672
    },
    {
      "first": 104,
      "second": 119,
      "amount": -0.336
    },
    {
      "first": 104,
      "second": 121,
      "amount": -0.672
    },
    {
      "first": 107,
      "second": 99,
      "amount": -1.26
    },
    {
      "first": 107,
      "second": 100,
      "amount": -1.26
    },
    {
      "first": 107,
      "second": 101,
      "amount": -1.26
    },
    {
      "first": 107,
      "second": 111,
      "amount": -1.26
    },
    {
      "first": 107,
      "second": 113,
      "amount": -1.26
    },
    {
      "first": 109,
      "second": 34,
      "amount": -1.512
    },
    {
      "first": 109,
      "second": 39,
      "amount": -1.512
    },
    {
      "first": 109,
      "second": 42,
      "amount": -1.512
    },
    {
      "first": 109,
      "second": 118,
      "amount": -0.672
    },
    {
      "first": 109,
      "second": 119,
      "amount": -0.336
    },
    {
      "first": 109,
      "second": 121,
      "amount": -0.672
    },
    {
      "first": 110,
      "second": 34,
      "amount": -1.512
    },
    {
      "first": 110,
      "second": 39,
      "amount": -1.512
    },
    {
      "first": 110,
      "second": 42,
      "amount": -1.512
    },
    {
      "first": 110,
      "second": 118,
      "amount": -0.672
    },
    {
      "first": 110,
      "second": 119,
      "amount": -0.336
    },
    {
      "first": 110,
      "second": 121,
      "amount": -0.672
    },
    {
      "first": 111,
      "second": 34,
      "amount": -1.932
    },
    {
      "first": 111,
      "second": 39,
      "amount": -1.932
    },
    {
      "first": 111,
      "second": 41,
      "amount": -0.672
    },
    {
      "first": 111,
      "second": 42,
      "amount": -1.932
    },
    {
      "first": 111,
      "second": 86,
      "amount": -2.436
    },
    {
      "first": 111,
      "second": 87,
      "amount": -0.672
    },
    {
      "first": 111,
      "second": 92,
      "amount": -2.436
    },
    {
      "first": 111,
      "second": 93,
      "amount": -0.672
    },
    {
      "first": 111,
      "second": 118,
      "amount": -0.546
    },
    {
      "first": 111,
      "second": 120,
      "amount": -1.26
    },
    {
      "first": 111,
      "second": 121,
      "amount": -0.546
    },
    {
      "first": 111,
      "second": 125,
      "amount": -0.672
    },
    {
      "first": 112,
      "second": 34,
      "amount": -1.932
    },
    {
      "first": 112,
      "second": 39,
      "amount": -1.932
    },
    {
      "first": 112,
      "second": 41,
      "amount": -0.672
    },
    {
      "first": 112,
      "second": 42,
      "amount": -1.932
    },
    {
      "first": 112,
      "second": 86,
      "amount": -2.436
    },
    {
      "first": 112,
      "second": 87,
      "amount": -0.672
    },
    {
      "first": 112,
      "second": 92,
      "amount": -2.436
    },
    {
      "first": 112,
      "second": 93,
      "amount": -0.672
    },
    {
      "first": 112,
      "second": 118,
      "amount": -0.546
    },
    {
      "first": 112,
      "second": 120,
      "amount": -1.26
    },
    {
      "first": 112,
      "second": 121,
      "amount": -0.546
    },
    {
      "first": 112,
      "second": 125,
      "amount": -0.672
    },
    {
      "first": 114,
      "second": 44,
      "amount": -2.772
    },
    {
      "first": 114,
      "second": 46,
      "amount": -2.772
    },
    {
      "first": 114,
      "second": 97,
      "amount": -0.798
    },
    {
      "first": 118,
      "second": 38,
      "amount": -1.722
    },
    {
      "first": 118,
      "second": 44,
      "amount": -2.772
    },
    {
      "first": 118,
      "second": 46,
      "amount": -2.772
    },
    {
      "first": 118,
      "second": 47,
      "amount": -1.722
    },
    {
      "first": 118,
      "second": 65,
      "amount": -1.722
    },
    {
      "first": 118,
      "second": 99,
      "amount": -0.546
    },
    {
      "first": 118,
      "second": 100,
      "amount": -0.546
    },
    {
      "first": 118,
      "second": 101,
      "amount": -0.546
    },
    {
      "first": 118,
      "second": 111,
      "amount": -0.546
    },
    {
      "first": 118,
      "second": 113,
      "amount": -0.546
    },
    {
      "first": 119,
      "second": 44,
      "amount": -1.302
    },
    {
      "first": 119,
      "second": 46,
      "amount": -1.302
    },
    {
      "first": 120,
      "second": 99,
      "amount": -1.26
    },
    {
      "first": 120,
      "second": 100,
      "amount": -1.26
    },
    {
      "first": 120,
      "second": 101,
      "amount": -1.26
    },
    {
      "first": 120,
      "second": 111,
      "amount": -1.26
    },
    {
      "first": 120,
      "second": 113,
      "amount": -1.26
    },
    {
      "first": 121,
      "second": 38,
      "amount": -1.722
    },
    {
      "first": 121,
      "second": 44,
      "amount": -2.772
    },
    {
      "first": 121,
      "second": 46,
      "amount": -2.772
    },
    {
      "first": 121,
      "second": 47,
      "amount": -1.722
    },
    {
      "first": 121,
      "second": 65,
      "amount": -1.722
    },
    {
      "first": 121,
      "second": 99,
      "amount": -0.546
    },
    {
      "first": 121,
      "second": 100,
      "amount": -0.546
    },
    {
      "first": 121,
      "second": 101,
      "amount": -0.546
    },
    {
      "first": 121,
      "second": 111,
      "amount": -0.546
    },
    {
      "first": 121,
      "second": 113,
      "amount": -0.546
    },
    {
      "first": 123,
      "second": 64,
      "amount": -0.84
    },
    {
      "first": 123,
      "second": 67,
      "amount": -0.84
    },
    {
      "first": 123,
      "second": 71,
      "amount": -0.84
    },
    {
      "first": 123,
      "second": 79,
      "amount": -0.84
    },
    {
      "first": 123,
      "second": 81,
      "amount": -0.84
    },
    {
      "first": 123,
      "second": 99,
      "amount": -0.672
    },
    {
      "first": 123,
      "second": 100,
      "amount": -0.672
    },
    {
      "first": 123,
      "second": 101,
      "amount": -0.672
    },
    {
      "first": 123,
      "second": 111,
      "amount": -0.672
    },
    {
      "first": 123,
      "second": 113,
      "amount": -0.672
    }
  ],
  "lightningMetrics": {
    "ascender": 1610,
    "descender": -390,
    "lineGap": 400,
    "unitsPerEm": 2000
  }
}