{
  "pages": [
    "OpenSans-Medium.png"
  ],
  "chars": [
    {
      "id": 124,
      "index": 95,
      "char": "|",
      "width": 7,
      "height": 46,
      "xoffset": 8,
      "yoffset": 6.891602000000001,
      "xadvance": 23.091797,
      "chnl": 15,
      "x": 0,
      "y": 0,
      "page": 0
    },
    {
      "id": 106,
      "index": 77,
      "char": "j",
      "width": 14,
      "height": 45,
      "xoffset": -4,
      "yoffset": 7.891602000000001,
      "xadvance": 11.15625,
      "chnl": 15,
      "x": 8,
      "y": 0,
      "page": 0
    },
    {
      "id": 74,
      "index": 45,
      "char": "J",
      "width": 15,
      "height": 42,
      "xoffset": -5,
      "yoffset": 8.891602,
      "xadvance": 11.935547,
      "chnl": 15,
      "x": 23,
      "y": 0,
      "page": 0
    },
    {
      "id": 81,
      "index": 52,
      "char": "Q",
      "width": 32,
      "height": 42,
      "xoffset": 1,
      "yoffset": 8.891602,
      "xadvance": 32.853516,
      "chnl": 15,
      "x": 39,
      "y": 0,
      "page": 0
    },
    {
      "id": 87,
      "index": 58,
      "char": "W",
      "width": 42,
      "height": 34,
      "xoffset": -2,
      "yoffset": 8.891602,
      "xadvance": 39.231445,
      "chnl": 15,
      "x": 72,
      "y": 0,
      "page": 0
    },
    {
      "id": 40,
      "index": 11,
      "char": "(",
      "width": 14,
      "height": 41,
      "xoffset": 0,
      "yoffset": 8.891602,
      "xadvance": 12.858398,
      "chnl": 15,
      "x": 0,
      "y": 47,
      "page": 0
    },
    {
      "id": 41,
      "index": 12,
      "char": ")",
      "width": 14,
      "height": 41,
      "xoffset": -1,
      "yoffset": 8.891602,
      "xadvance": 12.858398,
      "chnl": 15,
      "x": 15,
      "y": 46,
      "page": 0
    },
    {
      "id": 91,
      "index": 62,
      "char": "[",
      "width": 13,
      "height": 41,
      "xoffset": 1,
      "yoffset": 8.891602,
      "xadvance": 13.78125,
      "chnl": 15,
      "x": 115,
      "y": 0,
      "page": 0
    },
    {
      "id": 93,
      "index": 64,
      "char": "]",
      "width": 13,
      "height": 41,
      "xoffset": -1,
      "yoffset": 8.891602,
      "xadvance": 13.78125,
      "chnl": 15,
      "x": 72,
      "y": 35,
      "page": 0
    },
    {
      "id": 123,
      "index": 94,
      "char": "{",
      "width": 17,
      "height": 41,
      "xoffset": -1,
      "yoffset": 8.891602,
      "xadvance": 15.955078,
      "chnl": 15,
      "x": 30,
      "y": 77,
      "page": 0
    },
    {
      "id": 125,
      "index": 96,
      "char": "}",
      "width": 17,
      "height": 41,
      "xoffset": -1,
      "yoffset": 8.891602,
      "xadvance": 15.955078,
      "chnl": 15,
      "x": 48,
      "y": 43,
      "page": 0
    },
    {
      "id": 36,
      "index": 7,
      "char": "$",
      "width": 23,
      "height": 38,
      "xoffset": 0,
      "yoffset": 6.891602000000001,
      "xadvance": 24.014648,
      "chnl": 15,
      "x": 0,
      "y": 89,
      "page": 0
    },
    {
      "id": 64,
      "index": 35,
      "char": "@",
      "width": 37,
      "height": 38,
      "xoffset": 0,
      "yoffset": 8.891602,
      "xadvance": 37.652344,
      "chnl": 15,
      "x": 86,
      "y": 42,
      "page": 0
    },
    {
      "id": 103,
      "index": 74,
      "char": "g",
      "width": 26,
      "height": 37,
      "xoffset": -1,
      "yoffset": 15.891601999999999,
      "xadvance": 23.030273,
      "chnl": 15,
      "x": 48,
      "y": 85,
      "page": 0
    },
    {
      "id": 109,
      "index": 80,
      "char": "m",
      "width": 37,
      "height": 27,
      "xoffset": 2,
      "yoffset": 15.891601999999999,
      "xadvance": 39.477539,
      "chnl": 15,
      "x": 75,
      "y": 81,
      "page": 0
    },
    {
      "id": 112,
      "index": 83,
      "char": "p",
      "width": 24,
      "height": 37,
      "xoffset": 2,
      "yoffset": 15.891601999999999,
      "xadvance": 25.921875,
      "chnl": 15,
      "x": 113,
      "y": 81,
      "page": 0
    },
    {
      "id": 113,
      "index": 84,
      "char": "q",
      "width": 24,
      "height": 37,
      "xoffset": 0,
      "yoffset": 15.891601999999999,
      "xadvance": 25.921875,
      "chnl": 15,
      "x": 124,
      "y": 42,
      "page": 0
    },
    {
      "id": 121,
      "index": 92,
      "char": "y",
      "width": 26,
      "height": 37,
      "xoffset": -2,
      "yoffset": 15.891601999999999,
      "xadvance": 21.758789,
      "chnl": 15,
      "x": 129,
      "y": 0,
      "page": 0
    },
    {
      "id": 37,
      "index": 8,
      "char": "%",
      "width": 36,
      "height": 35,
      "xoffset": 0,
      "yoffset": 8.891602,
      "xadvance": 35.499023,
      "chnl": 15,
      "x": 138,
      "y": 80,
      "page": 0
    },
    {
      "id": 98,
      "index": 69,
      "char": "b",
      "width": 24,
      "height": 36,
      "xoffset": 2,
      "yoffset": 6.891602000000001,
      "xadvance": 25.921875,
      "chnl": 15,
      "x": 149,
      "y": 38,
      "page": 0
    },
    {
      "id": 100,
      "index": 71,
      "char": "d",
      "width": 24,
      "height": 36,
      "xoffset": 0,
      "yoffset": 6.891602000000001,
      "xadvance": 25.921875,
      "chnl": 15,
      "x": 156,
      "y": 0,
      "page": 0
    },
    {
      "id": 102,
      "index": 73,
      "char": "f",
      "width": 20,
      "height": 36,
      "xoffset": -1,
      "yoffset": 6.891602000000001,
      "xadvance": 14.663086,
      "chnl": 15,
      "x": 174,
      "y": 37,
      "page": 0
    },
    {
      "id": 104,
      "index": 75,
      "char": "h",
      "width": 23,
      "height": 36,
      "xoffset": 2,
      "yoffset": 6.891602000000001,
      "xadvance": 26.229492,
      "chnl": 15,
      "x": 181,
      "y": 0,
      "page": 0
    },
    {
      "id": 107,
      "index": 78,
      "char": "k",
      "width": 23,
      "height": 36,
      "xoffset": 2,
      "yoffset": 6.891602000000001,
      "xadvance": 23.071289,
      "chnl": 15,
      "x": 175,
      "y": 74,
      "page": 0
    },
    {
      "id": 108,
      "index": 79,
      "char": "l",
      "width": 8,
      "height": 36,
      "xoffset": 2,
      "yoffset": 6.891602000000001,
      "xadvance": 11.15625,
      "chnl": 15,
      "x": 195,
      "y": 37,
      "page": 0
    },
    {
      "id": 119,
      "index": 90,
      "char": "w",
      "width": 36,
      "height": 27,
      "xoffset": -2,
      "yoffset": 15.891601999999999,
      "xadvance": 33.407227,
      "chnl": 15,
      "x": 205,
      "y": 0,
      "page": 0
    },
    {
      "id": 33,
      "index": 4,
      "char": "!",
      "width": 9,
      "height": 35,
      "xoffset": 1,
      "yoffset": 8.891602,
      "xadvance": 11.320313,
      "chnl": 15,
      "x": 242,
      "y": 0,
      "page": 0
    },
    {
      "id": 38,
      "index": 9,
      "char": "&",
      "width": 33,
      "height": 35,
      "xoffset": 0,
      "yoffset": 8.891602,
      "xadvance": 30.823242,
      "chnl": 15,
      "x": 205,
      "y": 28,
      "page": 0
    },
    {
      "id": 48,
      "index": 19,
      "char": "0",
      "width": 24,
      "height": 35,
      "xoffset": 0,
      "yoffset": 8.891602,
      "xadvance": 24.014648,
      "chnl": 15,
      "x": 199,
      "y": 74,
      "page": 0
    },
    {
      "id": 51,
      "index": 22,
      "char": "3",
      "width": 24,
      "height": 35,
      "xoffset": 0,
      "yoffset": 8.891602,
      "xadvance": 24.014648,
      "chnl": 15,
      "x": 224,
      "y": 64,
      "page": 0
    },
    {
      "id": 54,
      "index": 25,
      "char": "6",
      "width": 24,
      "height": 35,
      "xoffset": 0,
      "yoffset": 8.891602,
      "xadvance": 24.014648,
      "chnl": 15,
      "x": 224,
      "y": 100,
      "page": 0
    },
    {
      "id": 56,
      "index": 27,
      "char": "8",
      "width": 24,
      "height": 35,
      "xoffset": 0,
      "yoffset": 8.891602,
      "xadvance": 24.014648,
      "chnl": 15,
      "x": 199,
      "y": 110,
      "page": 0
    },
    {
      "id": 57,
      "index": 28,
      "char": "9",
      "width": 24,
      "height": 35,
      "xoffset": 0,
      "yoffset": 8.891602,
      "xadvance": 24.014648,
      "chnl": 15,
      "x": 224,
      "y": 136,
      "page": 0
    },
    {
      "id": 63,
      "index": 34,
      "char": "?",
      "width": 21,
      "height": 35,
      "xoffset": -1,
      "yoffset": 8.891602,
      "xadvance": 18.600586,
      "chnl": 15,
      "x": 24,
      "y": 119,
      "page": 0
    },
    {
      "id": 67,
      "index": 38,
      "char": "C",
      "width": 27,
      "height": 35,
      "xoffset": 1,
      "yoffset": 8.891602,
      "xadvance": 26.537109,
      "chnl": 15,
      "x": 75,
      "y": 109,
      "page": 0
    },
    {
      "id": 71,
      "index": 42,
      "char": "G",
      "width": 29,
      "height": 35,
      "xoffset": 1,
      "yoffset": 8.891602,
      "xadvance": 30.515625,
      "chnl": 15,
      "x": 138,
      "y": 116,
      "page": 0
    },
    {
      "id": 79,
      "index": 50,
      "char": "O",
      "width": 32,
      "height": 35,
      "xoffset": 1,
      "yoffset": 8.891602,
      "xadvance": 32.853516,
      "chnl": 15,
      "x": 103,
      "y": 119,
      "page": 0
    },
    {
      "id": 83,
      "index": 54,
      "char": "S",
      "width": 23,
      "height": 35,
      "xoffset": 0,
      "yoffset": 8.891602,
      "xadvance": 23.050781,
      "chnl": 15,
      "x": 175,
      "y": 111,
      "page": 0
    },
    {
      "id": 105,
      "index": 76,
      "char": "i",
      "width": 9,
      "height": 35,
      "xoffset": 1,
      "yoffset": 7.891602000000001,
      "xadvance": 11.15625,
      "chnl": 15,
      "x": 0,
      "y": 128,
      "page": 0
    },
    {
      "id": 35,
      "index": 6,
      "char": "#",
      "width": 29,
      "height": 34,
      "xoffset": -1,
      "yoffset": 8.891602,
      "xadvance": 27.131836,
      "chnl": 15,
      "x": 168,
      "y": 147,
      "page": 0
    },
    {
      "id": 47,
      "index": 18,
      "char": "/",
      "width": 19,
      "height": 34,
      "xoffset": -2,
      "yoffset": 8.891602,
      "xadvance": 15.893555,
      "chnl": 15,
      "x": 199,
      "y": 146,
      "page": 0
    },
    {
      "id": 49,
      "index": 20,
      "char": "1",
      "width": 16,
      "height": 34,
      "xoffset": 1,
      "yoffset": 8.891602,
      "xadvance": 24.014648,
      "chnl": 15,
      "x": 46,
      "y": 123,
      "page": 0
    },
    {
      "id": 50,
      "index": 21,
      "char": "2",
      "width": 24,
      "height": 34,
      "xoffset": 0,
      "yoffset": 8.891602,
      "xadvance": 24.014648,
      "chnl": 15,
      "x": 136,
      "y": 152,
      "page": 0
    },
    {
      "id": 52,
      "index": 23,
      "char": "4",
      "width": 26,
      "height": 34,
      "xoffset": -1,
      "yoffset": 8.891602,
      "xadvance": 24.014648,
      "chnl": 15,
      "x": 10,
      "y": 155,
      "page": 0
    },
    {
      "id": 53,
      "index": 24,
      "char": "5",
      "width": 23,
      "height": 34,
      "xoffset": 1,
      "yoffset": 8.891602,
      "xadvance": 24.014648,
      "chnl": 15,
      "x": 219,
      "y": 172,
      "page": 0
    },
    {
      "id": 55,
      "index": 26,
      "char": "7",
      "width": 24,
      "height": 34,
      "xoffset": 0,
      "yoffset": 8.891602,
      "xadvance": 24.014648,
      "chnl": 15,
      "x": 63,
      "y": 145,
      "page": 0
    },
    {
      "id": 65,
      "index": 36,
      "char": "A",
      "width": 31,
      "height": 34,
      "xoffset": -2,
      "yoffset": 8.891602,
      "xadvance": 27.172852,
      "chnl": 15,
      "x": 0,
      "y": 207,
      "page": 0
    },
    {
      "id": 66,
      "index": 37,
      "char": "B",
      "width": 25,
      "height": 34,
      "xoffset": 2,
      "yoffset": 8.891602,
      "xadvance": 27.398438,
      "chnl": 15,
      "x": 37,
      "y": 158,
      "page": 0
    },
    {
      "id": 68,
      "index": 39,
      "char": "D",
      "width": 28,
      "height": 34,
      "xoffset": 2,
      "yoffset": 8.891602,
      "xadvance": 30.638672,
      "chnl": 15,
      "x": 32,
      "y": 207,
      "page": 0
    },
    {
      "id": 69,
      "index": 40,
      "char": "E",
      "width": 21,
      "height": 34,
      "xoffset": 2,
      "yoffset": 8.891602,
      "xadvance": 23.378906,
      "chnl": 15,
      "x": 61,
      "y": 207,
      "page": 0
    },
    {
      "id": 70,
      "index": 41,
      "char": "F",
      "width": 21,
      "height": 34,
      "xoffset": 2,
      "yoffset": 8.891602,
      "xadvance": 22.025391,
      "chnl": 15,
      "x": 83,
      "y": 207,
      "page": 0
    },
    {
      "id": 72,
      "index": 43,
      "char": "H",
      "width": 27,
      "height": 34,
      "xoffset": 2,
      "yoffset": 8.891602,
      "xadvance": 31.253906,
      "chnl": 15,
      "x": 105,
      "y": 155,
      "page": 0
    },
    {
      "id": 73,
      "index": 44,
      "char": "I",
      "width": 8,
      "height": 34,
      "xoffset": 2,
      "yoffset": 8.891602,
      "xadvance": 12.28418,
      "chnl": 15,
      "x": 0,
      "y": 164,
      "page": 0
    },
    {
      "id": 75,
      "index": 46,
      "char": "K",
      "width": 26,
      "height": 34,
      "xoffset": 2,
      "yoffset": 8.891602,
      "xadvance": 26.270508,
      "chnl": 15,
      "x": 105,
      "y": 207,
      "page": 0
    },
    {
      "id": 76,
      "index": 47,
      "char": "L",
      "width": 21,
      "height": 34,
      "xoffset": 2,
      "yoffset": 8.891602,
      "xadvance": 22.374023,
      "chnl": 15,
      "x": 132,
      "y": 207,
      "page": 0
    },
    {
      "id": 77,
      "index": 48,
      "char": "M",
      "width": 34,
      "height": 34,
      "xoffset": 2,
      "yoffset": 8.891602,
      "xadvance": 38.226563,
      "chnl": 15,
      "x": 154,
      "y": 207,
      "page": 0
    },
    {
      "id": 78,
      "index": 49,
      "char": "N",
      "width": 28,
      "height": 34,
      "xoffset": 2,
      "yoffset": 8.891602,
      "xadvance": 32.258789,
      "chnl": 15,
      "x": 189,
      "y": 182,
      "page": 0
    },
    {
      "id": 80,
      "index": 51,
      "char": "P",
      "width": 23,
      "height": 34,
      "xoffset": 2,
      "yoffset": 8.891602,
      "xadvance": 25.552734,
      "chnl": 15,
      "x": 189,
      "y": 217,
      "page": 0
    },
    {
      "id": 82,
      "index": 53,
      "char": "R",
      "width": 26,
      "height": 34,
      "xoffset": 2,
      "yoffset": 8.891602,
      "xadvance": 26.373047,
      "chnl": 15,
      "x": 213,
      "y": 217,
      "page": 0
    },
    {
      "id": 84,
      "index": 55,
      "char": "T",
      "width": 26,
      "height": 34,
      "xoffset": -2,
      "yoffset": 8.891602,
      "xadvance": 23.44043,
      "chnl": 15,
      "x": 240,
      "y": 207,
      "page": 0
    },
    {
      "id": 85,
      "index": 56,
      "char": "U",
      "width": 27,
      "height": 34,
      "xoffset": 2,
      "yoffset": 8.891602,
      "xadvance": 30.905273,
      "chnl": 15,
      "x": 243,
      "y": 172,
      "page": 0
    },
    {
      "id": 86,
      "index": 57,
      "char": "V",
      "width": 30,
      "height": 34,
      "xoffset": -2,
      "yoffset": 8.891602,
      "xadvance": 25.614258,
      "chnl": 15,
      "x": 267,
      "y": 207,
      "page": 0
    },
    {
      "id": 88,
      "index": 59,
      "char": "X",
      "width": 29,
      "height": 34,
      "xoffset": -2,
      "yoffset": 8.891602,
      "xadvance": 25.204102,
      "chnl": 15,
      "x": 249,
      "y": 36,
      "page": 0
    },
    {
      "id": 89,
      "index": 60,
      "char": "Y",
      "width": 28,
      "height": 34,
      "xoffset": -2,
      "yoffset": 8.891602,
      "xadvance": 24.158203,
      "chnl": 15,
      "x": 252,
      "y": 0,
      "page": 0
    },
    {
      "id": 90,
      "index": 61,
      "char": "Z",
      "width": 25,
      "height": 34,
      "xoffset": -1,
      "yoffset": 8.891602,
      "xadvance": 24.117188,
      "chnl": 15,
      "x": 249,
      "y": 71,
      "page": 0
    },
    {
      "id": 92,
      "index": 63,
      "char": "\\",
      "width": 19,
      "height": 34,
      "xoffset": -2,
      "yoffset": 8.891602,
      "xadvance": 15.893555,
      "chnl": 15,
      "x": 249,
      "y": 106,
      "page": 0
    },
    {
      "id": 59,
      "index": 30,
      "char": ";",
      "width": 11,
      "height": 33,
      "xoffset": -1,
      "yoffset": 15.891601999999999,
      "xadvance": 11.279297,
      "chnl": 15,
      "x": 30,
      "y": 43,
      "page": 0
    },
    {
      "id": 116,
      "index": 87,
      "char": "t",
      "width": 18,
      "height": 32,
      "xoffset": -1,
      "yoffset": 10.891602,
      "xadvance": 15.791016,
      "chnl": 15,
      "x": 269,
      "y": 106,
      "page": 0
    },
    {
      "id": 58,
      "index": 29,
      "char": ":",
      "width": 9,
      "height": 28,
      "xoffset": 1,
      "yoffset": 15.891601999999999,
      "xadvance": 11.279297,
      "chnl": 15,
      "x": 249,
      "y": 141,
      "page": 0
    },
    {
      "id": 97,
      "index": 68,
      "char": "a",
      "width": 23,
      "height": 27,
      "xoffset": 0,
      "yoffset": 15.891601999999999,
      "xadvance": 23.850586,
      "chnl": 15,
      "x": 259,
      "y": 141,
      "page": 0
    },
    {
      "id": 99,
      "index": 70,
      "char": "c",
      "width": 21,
      "height": 27,
      "xoffset": 0,
      "yoffset": 15.891601999999999,
      "xadvance": 20.487305,
      "chnl": 15,
      "x": 275,
      "y": 71,
      "page": 0
    },
    {
      "id": 101,
      "index": 72,
      "char": "e",
      "width": 24,
      "height": 27,
      "xoffset": 0,
      "yoffset": 15.891601999999999,
      "xadvance": 23.891602,
      "chnl": 15,
      "x": 279,
      "y": 35,
      "page": 0
    },
    {
      "id": 110,
      "index": 81,
      "char": "n",
      "width": 23,
      "height": 27,
      "xoffset": 2,
      "yoffset": 15.891601999999999,
      "xadvance": 26.229492,
      "chnl": 15,
      "x": 281,
      "y": 0,
      "page": 0
    },
    {
      "id": 111,
      "index": 82,
      "char": "o",
      "width": 25,
      "height": 27,
      "xoffset": 0,
      "yoffset": 15.891601999999999,
      "xadvance": 25.450195,
      "chnl": 15,
      "x": 271,
      "y": 169,
      "page": 0
    },
    {
      "id": 114,
      "index": 85,
      "char": "r",
      "width": 17,
      "height": 27,
      "xoffset": 2,
      "yoffset": 15.891601999999999,
      "xadvance": 17.636719,
      "chnl": 15,
      "x": 283,
      "y": 139,
      "page": 0
    },
    {
      "id": 115,
      "index": 86,
      "char": "s",
      "width": 20,
      "height": 27,
      "xoffset": 0,
      "yoffset": 15.891601999999999,
      "xadvance": 20.241211,
      "chnl": 15,
      "x": 297,
      "y": 167,
      "page": 0
    },
    {
      "id": 117,
      "index": 88,
      "char": "u",
      "width": 23,
      "height": 27,
      "xoffset": 1,
      "yoffset": 15.891601999999999,
      "xadvance": 26.229492,
      "chnl": 15,
      "x": 288,
      "y": 99,
      "page": 0
    },
    {
      "id": 118,
      "index": 89,
      "char": "v",
      "width": 26,
      "height": 27,
      "xoffset": -2,
      "yoffset": 15.891601999999999,
      "xadvance": 21.717773,
      "chnl": 15,
      "x": 297,
      "y": 63,
      "page": 0
    },
    {
      "id": 120,
      "index": 91,
      "char": "x",
      "width": 25,
      "height": 27,
      "xoffset": -1,
      "yoffset": 15.891601999999999,
      "xadvance": 22.558594,
      "chnl": 15,
      "x": 304,
      "y": 28,
      "page": 0
    },
    {
      "id": 122,
      "index": 93,
      "char": "z",
      "width": 21,
      "height": 27,
      "xoffset": 0,
      "yoffset": 15.891601999999999,
      "xadvance": 19.892578,
      "chnl": 15,
      "x": 305,
      "y": 0,
      "page": 0
    },
    {
      "id": 60,
      "index": 31,
      "char": "<",
      "width": 24,
      "height": 25,
      "xoffset": 0,
      "yoffset": 12.891601999999999,
      "xadvance": 24.014648,
      "chnl": 15,
      "x": 63,
      "y": 180,
      "page": 0
    },
    {
      "id": 62,
      "index": 33,
      "char": ">",
      "width": 24,
      "height": 25,
      "xoffset": 0,
      "yoffset": 12.891601999999999,
      "xadvance": 24.014648,
      "chnl": 15,
      "x": 327,
      "y": 0,
      "page": 0
    },
    {
      "id": 94,
      "index": 65,
      "char": "^",
      "width": 25,
      "height": 23,
      "xoffset": -1,
      "yoffset": 8.891602,
      "xadvance": 24.014648,
      "chnl": 15,
      "x": 161,
      "y": 182,
      "page": 0
    },
    {
      "id": 42,
      "index": 13,
      "char": "*",
      "width": 24,
      "height": 23,
      "xoffset": 0,
      "yoffset": 6.891602000000001,
      "xadvance": 23.071289,
      "chnl": 15,
      "x": 301,
      "y": 127,
      "page": 0
    },
    {
      "id": 43,
      "index": 14,
      "char": "+",
      "width": 24,
      "height": 24,
      "xoffset": 0,
      "yoffset": 13.891601999999999,
      "xadvance": 24.014648,
      "chnl": 15,
      "x": 312,
      "y": 91,
      "page": 0
    },
    {
      "id": 61,
      "index": 32,
      "char": "=",
      "width": 24,
      "height": 15,
      "xoffset": 0,
      "yoffset": 17.891602,
      "xadvance": 24.014648,
      "chnl": 15,
      "x": 301,
      "y": 151,
      "page": 0
    },
    {
      "id": 126,
      "index": 97,
      "char": "~",
      "width": 24,
      "height": 10,
      "xoffset": 0,
      "yoffset": 20.891602,
      "xadvance": 24.014648,
      "chnl": 15,
      "x": 312,
      "y": 116,
      "page": 0
    },
    {
      "id": 95,
      "index": 66,
      "char": "_",
      "width": 22,
      "height": 7,
      "xoffset": -2,
      "yoffset": 42.891602,
      "xadvance": 18.108398,
      "chnl": 15,
      "x": 0,
      "y": 199,
      "page": 0
    },
    {
      "id": 34,
      "index": 5,
      "char": "\"",
      "width": 16,
      "height": 15,
      "xoffset": 1,
      "yoffset": 8.891602,
      "xadvance": 17.513672,
      "chnl": 15,
      "x": 88,
      "y": 155,
      "page": 0
    },
    {
      "id": 39,
      "index": 10,
      "char": "'",
      "width": 8,
      "height": 15,
      "xoffset": 1,
      "yoffset": 8.891602,
      "xadvance": 9.700195,
      "chnl": 15,
      "x": 239,
      "y": 36,
      "page": 0
    },
    {
      "id": 44,
      "index": 15,
      "char": ",",
      "width": 11,
      "height": 14,
      "xoffset": 0,
      "yoffset": 33.891602,
      "xadvance": 11.15625,
      "chnl": 15,
      "x": 63,
      "y": 123,
      "page": 0
    },
    {
      "id": 45,
      "index": 16,
      "char": "-",
      "width": 14,
      "height": 8,
      "xoffset": 0,
      "yoffset": 25.891602,
      "xadvance": 13.514648,
      "chnl": 15,
      "x": 9,
      "y": 190,
      "page": 0
    },
    {
      "id": 96,
      "index": 67,
      "char": "`",
      "width": 13,
      "height": 11,
      "xoffset": 0,
      "yoffset": 6.891602000000001,
      "xadvance": 12.530273,
      "chnl": 15,
      "x": 10,
      "y": 128,
      "page": 0
    },
    {
      "id": 46,
      "index": 17,
      "char": ".",
      "width": 9,
      "height": 10,
      "xoffset": 1,
      "yoffset": 33.891602,
      "xadvance": 11.279297,
      "chnl": 15,
      "x": 239,
      "y": 52,
      "page": 0
    },
    {
      "id": 32,
      "index": 3,
      "char": " ",
      "width": 0,
      "height": 0,
      "xoffset": -2,
      "yoffset": 38.891602,
      "xadvance": 10.910156,
      "chnl": 15,
      "x": 8,
      "y": 46,
      "page": 0
    }
  ],
  "info": {
    "face": "OpenSans-Medium",
    "size": 42,
    "bold": 0,
    "italic": 0,
    "charset": [
      " ",
      "!",
      "\"",
      "#",
      "$",
      "%",
      "&",
      "'",
      "(",
      ")",
      "*",
      "+",
      ",",
      "-",
      ".",
      "/",
      "0",
      "1",
      "2",
      "3",
      "4",
      "5",
      "6",
      "7",
      "8",
      "9",
      ":",
      ";",
      "<",
      "=",
      ">",
      "?",
      "@",
      "A",
      "B",
      "C",
      "D",
      "E",
      "F",
      "G",
      "H",
      "I",
      "J",
      "K",
      "L",
      "M",
      "N",
      "O",
      "P",
      "Q",
      "R",
      "S",
      "T",
      "U",
      "V",
      "W",
      "X",
      "Y",
      "Z",
      "[",
      "\\",
      "]",
      "^",
      "_",
      "`",
      "a",
      "b",
      "c",
      "d",
      "e",
      "f",
      "g",
      "h",
      "i",
      "j",
      "k",
      "l",
      "m",
      "n",
      "o",
      "p",
      "q",
      "r",
      "s",
      "t",
      "u",
      "v",
      "w",
      "x",
      "y",
      "z",
      "{",
      "|",
      "}",
      "~"
    ],
    "unicode": 1,
    "stretchH": 100,
    "smooth": 1,
    "aa": 1,
    "padding": [
      2,
      2,
      2,
      2
    ],
    "spacing": [
      0,
      0
    ],
    "outline": 0
  },
  "common": {
    "lineHeight": 57.196289,
    "base": 42.891602,
    "scaleW": 512,
    "scaleH": 256,
    "pages": 1,
    "packed": 0,
    "alphaChnl": 0,
    "redChnl": 0,
    "greenChnl": 0,
    "blueChnl": 0
  },
  "distanceField": {
    "fieldType": "msdf",
    "distanceRange": 4
  },
  "kernings": [],
  "lightningMetrics": {
    "ascender": 2189,
    "descender": -600,
    "lineGap": 0,
    "unitsPerEm": 2048
  }
}