{
  "pages": [
    "Poppins-SemiBold.png"
  ],
  "chars": [
    {
      "id": 40,
      "index": 667,
      "char": "(",
      "width": 19,
      "height": 51,
      "xoffset": 2,
      "yoffset": -0.8999999999999999,
      "xadvance": 20.37,
      "chnl": 15,
      "x": 0,
      "y": 0,
      "page": 0
    },
    {
      "id": 41,
      "index": 668,
      "char": ")",
      "width": 19,
      "height": 51,
      "xoffset": -1,
      "yoffset": -0.8999999999999999,
      "xadvance": 20.37,
      "chnl": 15,
      "x": 20,
      "y": 0,
      "page": 0
    },
    {
      "id": 47,
      "index": 674,
      "char": "/",
      "width": 21,
      "height": 51,
      "xoffset": 0,
      "yoffset": -1.9,
      "xadvance": 20.412,
      "chnl": 15,
      "x": 40,
      "y": 0,
      "page": 0
    },
    {
      "id": 91,
      "index": 718,
      "char": "[",
      "width": 15,
      "height": 51,
      "xoffset": 4,
      "yoffset": -0.8999999999999999,
      "xadvance": 20.874,
      "chnl": 15,
      "x": 62,
      "y": 0,
      "page": 0
    },
    {
      "id": 92,
      "index": 719,
      "char": "\\",
      "width": 22,
      "height": 51,
      "xoffset": 5,
      "yoffset": -1.9,
      "xadvance": 31.752,
      "chnl": 15,
      "x": 78,
      "y": 0,
      "page": 0
    },
    {
      "id": 93,
      "index": 720,
      "char": "]",
      "width": 15,
      "height": 51,
      "xoffset": 3,
      "yoffset": -0.8999999999999999,
      "xadvance": 20.832,
      "chnl": 15,
      "x": 101,
      "y": 0,
      "page": 0
    },
    {
      "id": 123,
      "index": 750,
      "char": "{",
      "width": 17,
      "height": 51,
      "xoffset": 3,
      "yoffset": -0.8999999999999999,
      "xadvance": 21.336,
      "chnl": 15,
      "x": 0,
      "y": 52,
      "page": 0
    },
    {
      "id": 125,
      "index": 752,
      "char": "}",
      "width": 17,
      "height": 51,
      "xoffset": 1,
      "yoffset": -0.8999999999999999,
      "xadvance": 21.336,
      "chnl": 15,
      "x": 18,
      "y": 52,
      "page": 0
    },
    {
      "id": 106,
      "index": 733,
      "char": "j",
      "width": 15,
      "height": 48,
      "xoffset": -3,
      "yoffset": 5.1,
      "xadvance": 11.676,
      "chnl": 15,
      "x": 36,
      "y": 52,
      "page": 0
    },
    {
      "id": 87,
      "index": 714,
      "char": "W",
      "width": 45,
      "height": 33,
      "xoffset": -1,
      "yoffset": 9.1,
      "xadvance": 43.008,
      "chnl": 15,
      "x": 52,
      "y": 52,
      "page": 0
    },
    {
      "id": 124,
      "index": 751,
      "char": "|",
      "width": 10,
      "height": 43,
      "xoffset": 2,
      "yoffset": 4.1,
      "xadvance": 12.978,
      "chnl": 15,
      "x": 117,
      "y": 0,
      "page": 0
    },
    {
      "id": 64,
      "index": 691,
      "char": "@",
      "width": 42,
      "height": 40,
      "xoffset": 1,
      "yoffset": 10.1,
      "xadvance": 44.142,
      "chnl": 15,
      "x": 52,
      "y": 86,
      "page": 0
    },
    {
      "id": 109,
      "index": 736,
      "char": "m",
      "width": 42,
      "height": 28,
      "xoffset": 1,
      "yoffset": 14.100000000000001,
      "xadvance": 44.016,
      "chnl": 15,
      "x": 95,
      "y": 86,
      "page": 0
    },
    {
      "id": 36,
      "index": 663,
      "char": "$",
      "width": 26,
      "height": 41,
      "xoffset": 0,
      "yoffset": 5.1,
      "xadvance": 27.468,
      "chnl": 15,
      "x": 117,
      "y": 44,
      "page": 0
    },
    {
      "id": 81,
      "index": 708,
      "char": "Q",
      "width": 35,
      "height": 39,
      "xoffset": -1,
      "yoffset": 8.1,
      "xadvance": 33.054,
      "chnl": 15,
      "x": 138,
      "y": 86,
      "page": 0
    },
    {
      "id": 103,
      "index": 730,
      "char": "g",
      "width": 28,
      "height": 39,
      "xoffset": -1,
      "yoffset": 14.100000000000001,
      "xadvance": 28.476,
      "chnl": 15,
      "x": 128,
      "y": 0,
      "page": 0
    },
    {
      "id": 112,
      "index": 739,
      "char": "p",
      "width": 28,
      "height": 39,
      "xoffset": 1,
      "yoffset": 14.100000000000001,
      "xadvance": 28.476,
      "chnl": 15,
      "x": 144,
      "y": 40,
      "page": 0
    },
    {
      "id": 113,
      "index": 740,
      "char": "q",
      "width": 28,
      "height": 39,
      "xoffset": -1,
      "yoffset": 14.100000000000001,
      "xadvance": 28.476,
      "chnl": 15,
      "x": 157,
      "y": 0,
      "page": 0
    },
    {
      "id": 119,
      "index": 746,
      "char": "w",
      "width": 39,
      "height": 27,
      "xoffset": -2,
      "yoffset": 15.100000000000001,
      "xadvance": 35.448,
      "chnl": 15,
      "x": 173,
      "y": 40,
      "page": 0
    },
    {
      "id": 35,
      "index": 662,
      "char": "#",
      "width": 38,
      "height": 35,
      "xoffset": -1,
      "yoffset": 7.1,
      "xadvance": 37.254,
      "chnl": 15,
      "x": 186,
      "y": 0,
      "page": 0
    },
    {
      "id": 121,
      "index": 748,
      "char": "y",
      "width": 29,
      "height": 38,
      "xoffset": -2,
      "yoffset": 15.100000000000001,
      "xadvance": 25.41,
      "chnl": 15,
      "x": 225,
      "y": 0,
      "page": 0
    },
    {
      "id": 102,
      "index": 729,
      "char": "f",
      "width": 17,
      "height": 37,
      "xoffset": -1,
      "yoffset": 5.1,
      "xadvance": 14.49,
      "chnl": 15,
      "x": 174,
      "y": 68,
      "page": 0
    },
    {
      "id": 105,
      "index": 732,
      "char": "i",
      "width": 11,
      "height": 37,
      "xoffset": 0,
      "yoffset": 5.1,
      "xadvance": 11.676,
      "chnl": 15,
      "x": 213,
      "y": 36,
      "page": 0
    },
    {
      "id": 37,
      "index": 664,
      "char": "%",
      "width": 36,
      "height": 34,
      "xoffset": 0,
      "yoffset": 8.1,
      "xadvance": 34.818,
      "chnl": 15,
      "x": 192,
      "y": 74,
      "page": 0
    },
    {
      "id": 51,
      "index": 678,
      "char": "3",
      "width": 25,
      "height": 36,
      "xoffset": 0,
      "yoffset": 7.1,
      "xadvance": 25.158,
      "chnl": 15,
      "x": 229,
      "y": 39,
      "page": 0
    },
    {
      "id": 56,
      "index": 683,
      "char": "8",
      "width": 26,
      "height": 36,
      "xoffset": 0,
      "yoffset": 7.1,
      "xadvance": 27.006,
      "chnl": 15,
      "x": 229,
      "y": 76,
      "page": 0
    },
    {
      "id": 77,
      "index": 704,
      "char": "M",
      "width": 36,
      "height": 33,
      "xoffset": 1,
      "yoffset": 9.1,
      "xadvance": 37.758,
      "chnl": 15,
      "x": 95,
      "y": 115,
      "page": 0
    },
    {
      "id": 38,
      "index": 665,
      "char": "&",
      "width": 35,
      "height": 34,
      "xoffset": -1,
      "yoffset": 8.1,
      "xadvance": 32.676,
      "chnl": 15,
      "x": 0,
      "y": 104,
      "page": 0
    },
    {
      "id": 48,
      "index": 675,
      "char": "0",
      "width": 27,
      "height": 35,
      "xoffset": 0,
      "yoffset": 7.1,
      "xadvance": 27.132,
      "chnl": 15,
      "x": 174,
      "y": 109,
      "page": 0
    },
    {
      "id": 49,
      "index": 676,
      "char": "1",
      "width": 14,
      "height": 35,
      "xoffset": 0,
      "yoffset": 7.1,
      "xadvance": 15.204,
      "chnl": 15,
      "x": 36,
      "y": 101,
      "page": 0
    },
    {
      "id": 50,
      "index": 677,
      "char": "2",
      "width": 25,
      "height": 35,
      "xoffset": 0,
      "yoffset": 7.1,
      "xadvance": 24.108,
      "chnl": 15,
      "x": 202,
      "y": 109,
      "page": 0
    },
    {
      "id": 53,
      "index": 680,
      "char": "5",
      "width": 25,
      "height": 35,
      "xoffset": 1,
      "yoffset": 7.1,
      "xadvance": 27.048,
      "chnl": 15,
      "x": 228,
      "y": 113,
      "page": 0
    },
    {
      "id": 54,
      "index": 681,
      "char": "6",
      "width": 26,
      "height": 35,
      "xoffset": 1,
      "yoffset": 7.1,
      "xadvance": 26.88,
      "chnl": 15,
      "x": 132,
      "y": 126,
      "page": 0
    },
    {
      "id": 55,
      "index": 682,
      "char": "7",
      "width": 24,
      "height": 35,
      "xoffset": -1,
      "yoffset": 7.1,
      "xadvance": 23.016,
      "chnl": 15,
      "x": 51,
      "y": 127,
      "page": 0
    },
    {
      "id": 57,
      "index": 684,
      "char": "9",
      "width": 25,
      "height": 35,
      "xoffset": 1,
      "yoffset": 7.1,
      "xadvance": 26.292,
      "chnl": 15,
      "x": 0,
      "y": 139,
      "page": 0
    },
    {
      "id": 63,
      "index": 690,
      "char": "?",
      "width": 23,
      "height": 35,
      "xoffset": -1,
      "yoffset": 8.1,
      "xadvance": 22.596,
      "chnl": 15,
      "x": 26,
      "y": 139,
      "page": 0
    },
    {
      "id": 98,
      "index": 725,
      "char": "b",
      "width": 28,
      "height": 35,
      "xoffset": 1,
      "yoffset": 7.1,
      "xadvance": 28.476,
      "chnl": 15,
      "x": 76,
      "y": 149,
      "page": 0
    },
    {
      "id": 100,
      "index": 727,
      "char": "d",
      "width": 28,
      "height": 35,
      "xoffset": -1,
      "yoffset": 7.1,
      "xadvance": 28.476,
      "chnl": 15,
      "x": 0,
      "y": 185,
      "page": 0
    },
    {
      "id": 104,
      "index": 731,
      "char": "h",
      "width": 26,
      "height": 35,
      "xoffset": 1,
      "yoffset": 7.1,
      "xadvance": 27.762,
      "chnl": 15,
      "x": 105,
      "y": 149,
      "page": 0
    },
    {
      "id": 107,
      "index": 734,
      "char": "k",
      "width": 25,
      "height": 35,
      "xoffset": 1,
      "yoffset": 7.1,
      "xadvance": 24.528,
      "chnl": 15,
      "x": 50,
      "y": 163,
      "page": 0
    },
    {
      "id": 108,
      "index": 735,
      "char": "l",
      "width": 10,
      "height": 35,
      "xoffset": 1,
      "yoffset": 7.1,
      "xadvance": 11.676,
      "chnl": 15,
      "x": 0,
      "y": 221,
      "page": 0
    },
    {
      "id": 33,
      "index": 660,
      "char": "!",
      "width": 11,
      "height": 34,
      "xoffset": 2,
      "yoffset": 8.1,
      "xadvance": 14.868,
      "chnl": 15,
      "x": 11,
      "y": 221,
      "page": 0
    },
    {
      "id": 52,
      "index": 679,
      "char": "4",
      "width": 28,
      "height": 34,
      "xoffset": 0,
      "yoffset": 8.1,
      "xadvance": 27.762,
      "chnl": 15,
      "x": 23,
      "y": 221,
      "page": 0
    },
    {
      "id": 67,
      "index": 694,
      "char": "C",
      "width": 33,
      "height": 34,
      "xoffset": -1,
      "yoffset": 8.1,
      "xadvance": 32.256,
      "chnl": 15,
      "x": 52,
      "y": 199,
      "page": 0
    },
    {
      "id": 71,
      "index": 698,
      "char": "G",
      "width": 33,
      "height": 34,
      "xoffset": -1,
      "yoffset": 8.1,
      "xadvance": 32.256,
      "chnl": 15,
      "x": 159,
      "y": 145,
      "page": 0
    },
    {
      "id": 74,
      "index": 701,
      "char": "J",
      "width": 22,
      "height": 34,
      "xoffset": 0,
      "yoffset": 9.1,
      "xadvance": 23.94,
      "chnl": 15,
      "x": 132,
      "y": 162,
      "page": 0
    },
    {
      "id": 79,
      "index": 706,
      "char": "O",
      "width": 34,
      "height": 34,
      "xoffset": -1,
      "yoffset": 8.1,
      "xadvance": 32.97,
      "chnl": 15,
      "x": 193,
      "y": 145,
      "page": 0
    },
    {
      "id": 83,
      "index": 710,
      "char": "S",
      "width": 25,
      "height": 34,
      "xoffset": 0,
      "yoffset": 8.1,
      "xadvance": 25.578,
      "chnl": 15,
      "x": 228,
      "y": 149,
      "page": 0
    },
    {
      "id": 85,
      "index": 712,
      "char": "U",
      "width": 28,
      "height": 34,
      "xoffset": 1,
      "yoffset": 9.1,
      "xadvance": 29.274,
      "chnl": 15,
      "x": 86,
      "y": 185,
      "page": 0
    },
    {
      "id": 59,
      "index": 686,
      "char": ";",
      "width": 13,
      "height": 33,
      "xoffset": 0,
      "yoffset": 14.100000000000001,
      "xadvance": 13.608,
      "chnl": 15,
      "x": 98,
      "y": 52,
      "page": 0
    },
    {
      "id": 65,
      "index": 692,
      "char": "A",
      "width": 32,
      "height": 33,
      "xoffset": -1,
      "yoffset": 9.1,
      "xadvance": 30.072,
      "chnl": 15,
      "x": 86,
      "y": 220,
      "page": 0
    },
    {
      "id": 66,
      "index": 693,
      "char": "B",
      "width": 26,
      "height": 33,
      "xoffset": 1,
      "yoffset": 9.1,
      "xadvance": 27.006,
      "chnl": 15,
      "x": 119,
      "y": 197,
      "page": 0
    },
    {
      "id": 68,
      "index": 695,
      "char": "D",
      "width": 30,
      "height": 33,
      "xoffset": 1,
      "yoffset": 9.1,
      "xadvance": 30.114,
      "chnl": 15,
      "x": 146,
      "y": 197,
      "page": 0
    },
    {
      "id": 69,
      "index": 696,
      "char": "E",
      "width": 21,
      "height": 33,
      "xoffset": 1,
      "yoffset": 9.1,
      "xadvance": 22.344,
      "chnl": 15,
      "x": 177,
      "y": 180,
      "page": 0
    },
    {
      "id": 70,
      "index": 697,
      "char": "F",
      "width": 22,
      "height": 33,
      "xoffset": 1,
      "yoffset": 9.1,
      "xadvance": 22.26,
      "chnl": 15,
      "x": 199,
      "y": 180,
      "page": 0
    },
    {
      "id": 72,
      "index": 699,
      "char": "H",
      "width": 28,
      "height": 33,
      "xoffset": 1,
      "yoffset": 9.1,
      "xadvance": 30.114,
      "chnl": 15,
      "x": 222,
      "y": 184,
      "page": 0
    },
    {
      "id": 73,
      "index": 700,
      "char": "I",
      "width": 10,
      "height": 33,
      "xoffset": 1,
      "yoffset": 9.1,
      "xadvance": 11.676,
      "chnl": 15,
      "x": 177,
      "y": 218,
      "page": 0
    },
    {
      "id": 75,
      "index": 702,
      "char": "K",
      "width": 28,
      "height": 33,
      "xoffset": 1,
      "yoffset": 9.1,
      "xadvance": 27.846,
      "chnl": 15,
      "x": 188,
      "y": 218,
      "page": 0
    },
    {
      "id": 76,
      "index": 703,
      "char": "L",
      "width": 20,
      "height": 33,
      "xoffset": 1,
      "yoffset": 9.1,
      "xadvance": 19.278,
      "chnl": 15,
      "x": 29,
      "y": 175,
      "page": 0
    },
    {
      "id": 78,
      "index": 705,
      "char": "N",
      "width": 29,
      "height": 33,
      "xoffset": 1,
      "yoffset": 9.1,
      "xadvance": 30.87,
      "chnl": 15,
      "x": 217,
      "y": 218,
      "page": 0
    },
    {
      "id": 80,
      "index": 707,
      "char": "P",
      "width": 25,
      "height": 33,
      "xoffset": 1,
      "yoffset": 9.1,
      "xadvance": 25.536,
      "chnl": 15,
      "x": 247,
      "y": 218,
      "page": 0
    },
    {
      "id": 82,
      "index": 709,
      "char": "R",
      "width": 26,
      "height": 33,
      "xoffset": 1,
      "yoffset": 9.1,
      "xadvance": 26.922,
      "chnl": 15,
      "x": 251,
      "y": 184,
      "page": 0
    },
    {
      "id": 84,
      "index": 711,
      "char": "T",
      "width": 26,
      "height": 33,
      "xoffset": -1,
      "yoffset": 9.1,
      "xadvance": 24.234,
      "chnl": 15,
      "x": 273,
      "y": 218,
      "page": 0
    },
    {
      "id": 86,
      "index": 713,
      "char": "V",
      "width": 33,
      "height": 33,
      "xoffset": -1,
      "yoffset": 9.1,
      "xadvance": 29.862,
      "chnl": 15,
      "x": 254,
      "y": 113,
      "page": 0
    },
    {
      "id": 88,
      "index": 715,
      "char": "X",
      "width": 30,
      "height": 33,
      "xoffset": 0,
      "yoffset": 9.1,
      "xadvance": 28.812,
      "chnl": 15,
      "x": 254,
      "y": 147,
      "page": 0
    },
    {
      "id": 89,
      "index": 716,
      "char": "Y",
      "width": 30,
      "height": 33,
      "xoffset": -2,
      "yoffset": 9.1,
      "xadvance": 26.712,
      "chnl": 15,
      "x": 278,
      "y": 181,
      "page": 0
    },
    {
      "id": 90,
      "index": 717,
      "char": "Z",
      "width": 24,
      "height": 33,
      "xoffset": 0,
      "yoffset": 9.1,
      "xadvance": 24.192,
      "chnl": 15,
      "x": 285,
      "y": 147,
      "page": 0
    },
    {
      "id": 116,
      "index": 743,
      "char": "t",
      "width": 18,
      "height": 33,
      "xoffset": -1,
      "yoffset": 9.1,
      "xadvance": 16.296,
      "chnl": 15,
      "x": 300,
      "y": 215,
      "page": 0
    },
    {
      "id": 94,
      "index": 721,
      "char": "^",
      "width": 30,
      "height": 26,
      "xoffset": -1,
      "yoffset": 9.1,
      "xadvance": 28.56,
      "chnl": 15,
      "x": 309,
      "y": 181,
      "page": 0
    },
    {
      "id": 95,
      "index": 722,
      "char": "_",
      "width": 29,
      "height": 10,
      "xoffset": 2,
      "yoffset": 40.1,
      "xadvance": 33.18,
      "chnl": 15,
      "x": 52,
      "y": 234,
      "page": 0
    },
    {
      "id": 58,
      "index": 685,
      "char": ":",
      "width": 11,
      "height": 28,
      "xoffset": 0,
      "yoffset": 14.100000000000001,
      "xadvance": 11.046,
      "chnl": 15,
      "x": 319,
      "y": 208,
      "page": 0
    },
    {
      "id": 97,
      "index": 724,
      "char": "a",
      "width": 28,
      "height": 28,
      "xoffset": -1,
      "yoffset": 14.100000000000001,
      "xadvance": 28.476,
      "chnl": 15,
      "x": 331,
      "y": 208,
      "page": 0
    },
    {
      "id": 99,
      "index": 726,
      "char": "c",
      "width": 26,
      "height": 28,
      "xoffset": -1,
      "yoffset": 14.100000000000001,
      "xadvance": 25.284,
      "chnl": 15,
      "x": 255,
      "y": 0,
      "page": 0
    },
    {
      "id": 101,
      "index": 728,
      "char": "e",
      "width": 27,
      "height": 28,
      "xoffset": -1,
      "yoffset": 14.100000000000001,
      "xadvance": 25.914,
      "chnl": 15,
      "x": 255,
      "y": 29,
      "page": 0
    },
    {
      "id": 110,
      "index": 737,
      "char": "n",
      "width": 26,
      "height": 28,
      "xoffset": 1,
      "yoffset": 14.100000000000001,
      "xadvance": 27.762,
      "chnl": 15,
      "x": 282,
      "y": 0,
      "page": 0
    },
    {
      "id": 111,
      "index": 738,
      "char": "o",
      "width": 28,
      "height": 28,
      "xoffset": -1,
      "yoffset": 14.100000000000001,
      "xadvance": 26.796,
      "chnl": 15,
      "x": 256,
      "y": 58,
      "page": 0
    },
    {
      "id": 114,
      "index": 741,
      "char": "r",
      "width": 17,
      "height": 28,
      "xoffset": 1,
      "yoffset": 14.100000000000001,
      "xadvance": 16.968,
      "chnl": 15,
      "x": 283,
      "y": 29,
      "page": 0
    },
    {
      "id": 115,
      "index": 742,
      "char": "s",
      "width": 23,
      "height": 28,
      "xoffset": 0,
      "yoffset": 14.100000000000001,
      "xadvance": 22.89,
      "chnl": 15,
      "x": 285,
      "y": 58,
      "page": 0
    },
    {
      "id": 117,
      "index": 744,
      "char": "u",
      "width": 26,
      "height": 28,
      "xoffset": 1,
      "yoffset": 15.100000000000001,
      "xadvance": 27.762,
      "chnl": 15,
      "x": 301,
      "y": 29,
      "page": 0
    },
    {
      "id": 118,
      "index": 745,
      "char": "v",
      "width": 28,
      "height": 27,
      "xoffset": -2,
      "yoffset": 15.100000000000001,
      "xadvance": 25.158,
      "chnl": 15,
      "x": 309,
      "y": 0,
      "page": 0
    },
    {
      "id": 61,
      "index": 688,
      "char": "=",
      "width": 27,
      "height": 19,
      "xoffset": 2,
      "yoffset": 15.100000000000001,
      "xadvance": 30.996,
      "chnl": 15,
      "x": 319,
      "y": 237,
      "page": 0
    },
    {
      "id": 120,
      "index": 747,
      "char": "x",
      "width": 26,
      "height": 27,
      "xoffset": -2,
      "yoffset": 15.100000000000001,
      "xadvance": 22.68,
      "chnl": 15,
      "x": 288,
      "y": 87,
      "page": 0
    },
    {
      "id": 122,
      "index": 749,
      "char": "z",
      "width": 21,
      "height": 27,
      "xoffset": 0,
      "yoffset": 15.100000000000001,
      "xadvance": 20.286,
      "chnl": 15,
      "x": 309,
      "y": 58,
      "page": 0
    },
    {
      "id": 126,
      "index": 753,
      "char": "~",
      "width": 26,
      "height": 12,
      "xoffset": -1,
      "yoffset": 21.1,
      "xadvance": 24.864,
      "chnl": 15,
      "x": 256,
      "y": 87,
      "page": 0
    },
    {
      "id": 43,
      "index": 670,
      "char": "+",
      "width": 25,
      "height": 25,
      "xoffset": 1,
      "yoffset": 12.100000000000001,
      "xadvance": 28.308,
      "chnl": 15,
      "x": 119,
      "y": 231,
      "page": 0
    },
    {
      "id": 60,
      "index": 687,
      "char": "<",
      "width": 21,
      "height": 23,
      "xoffset": 1,
      "yoffset": 14.100000000000001,
      "xadvance": 24.528,
      "chnl": 15,
      "x": 145,
      "y": 231,
      "page": 0
    },
    {
      "id": 62,
      "index": 689,
      "char": ">",
      "width": 21,
      "height": 23,
      "xoffset": 2,
      "yoffset": 14.100000000000001,
      "xadvance": 23.814,
      "chnl": 15,
      "x": 328,
      "y": 28,
      "page": 0
    },
    {
      "id": 45,
      "index": 672,
      "char": "-",
      "width": 22,
      "height": 9,
      "xoffset": 1,
      "yoffset": 21.1,
      "xadvance": 24.486,
      "chnl": 15,
      "x": 0,
      "y": 175,
      "page": 0
    },
    {
      "id": 42,
      "index": 669,
      "char": "*",
      "width": 20,
      "height": 20,
      "xoffset": 1,
      "yoffset": 7.1,
      "xadvance": 21.756,
      "chnl": 15,
      "x": 338,
      "y": 0,
      "page": 0
    },
    {
      "id": 34,
      "index": 661,
      "char": "\"",
      "width": 16,
      "height": 13,
      "xoffset": 0,
      "yoffset": 4.1,
      "xadvance": 15.288,
      "chnl": 15,
      "x": 76,
      "y": 127,
      "page": 0
    },
    {
      "id": 44,
      "index": 671,
      "char": ",",
      "width": 13,
      "height": 16,
      "xoffset": -1,
      "yoffset": 32.1,
      "xadvance": 10.668,
      "chnl": 15,
      "x": 155,
      "y": 180,
      "page": 0
    },
    {
      "id": 96,
      "index": 723,
      "char": "`",
      "width": 14,
      "height": 13,
      "xoffset": -2,
      "yoffset": 4.1,
      "xadvance": 11.382,
      "chnl": 15,
      "x": 159,
      "y": 126,
      "page": 0
    },
    {
      "id": 39,
      "index": 666,
      "char": "'",
      "width": 9,
      "height": 13,
      "xoffset": 0,
      "yoffset": 4.1,
      "xadvance": 8.19,
      "chnl": 15,
      "x": 76,
      "y": 185,
      "page": 0
    },
    {
      "id": 46,
      "index": 673,
      "char": ".",
      "width": 11,
      "height": 11,
      "xoffset": 0,
      "yoffset": 31.1,
      "xadvance": 10.92,
      "chnl": 15,
      "x": 115,
      "y": 185,
      "page": 0
    },
    {
      "id": 32,
      "index": 3,
      "char": " ",
      "width": 0,
      "height": 0,
      "xoffset": -2,
      "yoffset": 38.1,
      "xadvance": 9.996,
      "chnl": 15,
      "x": 173,
      "y": 68,
      "page": 0
    }
  ],
  "info": {
    "face": "Poppins-SemiBold",
    "size": 42,
    "bold": 0,
    "italic": 0,
    "charset": [
      " ",
      "!",
      "\"",
      "#",
      "$",
      "%",
      "&",
      "'",
      "(",
      ")",
      "*",
      "+",
      ",",
      "-",
      ".",
      "/",
      "0",
      "1",
      "2",
      "3",
      "4",
      "5",
      "6",
      "7",
      "8",
      "9",
      ":",
      ";",
      "<",
      "=",
      ">",
      "?",
      "@",
      "A",
      "B",
      "C",
      "D",
      "E",
      "F",
      "G",
      "H",
      "I",
      "J",
      "K",
      "L",
      "M",
      "N",
      "O",
      "P",
      "Q",
      "R",
      "S",
      "T",
      "U",
      "V",
      "W",
      "X",
      "Y",
      "Z",
      "[",
      "\\",
      "]",
      "^",
      "_",
      "`",
      "a",
      "b",
      "c",
      "d",
      "e",
      "f",
      "g",
      "h",
      "i",
      "j",
      "k",
      "l",
      "m",
      "n",
      "o",
      "p",
      "q",
      "r",
      "s",
      "t",
      "u",
      "v",
      "w",
      "x",
      "y",
      "z",
      "{",
      "|",
      "}",
      "~"
    ],
    "unicode": 1,
    "stretchH": 100,
    "smooth": 1,
    "aa": 1,
    "padding": [
      2,
      2,
      2,
      2
    ],
    "spacing": [
      0,
      0
    ],
    "outline": 0
  },
  "common": {
    "lineHeight": 63,
    "base": 42.1,
    "scaleW": 512,
    "scaleH": 256,
    "pages": 1,
    "packed": 0,
    "alphaChnl": 0,
    "redChnl": 0,
    "greenChnl": 0,
    "blueChnl": 0
  },
  "distanceField": {
    "fieldType": "msdf",
    "distanceRange": 4
  },
  "kernings": [],
  "lightningMetrics": {
    "ascender": 1050,
    "descender": -350,
    "lineGap": 100,
    "unitsPerEm": 1000
  }
}