{
  "pages": [
    "Poppins-Medium.png"
  ],
  "chars": [
    {
      "id": 40,
      "index": 667,
      "char": "(",
      "width": 18,
      "height": 51,
      "xoffset": 3,
      "yoffset": -0.8999999999999999,
      "xadvance": 20.664,
      "chnl": 15,
      "x": 0,
      "y": 0,
      "page": 0
    },
    {
      "id": 41,
      "index": 668,
      "char": ")",
      "width": 18,
      "height": 51,
      "xoffset": -1,
      "yoffset": -0.8999999999999999,
      "xadvance": 20.664,
      "chnl": 15,
      "x": 19,
      "y": 0,
      "page": 0
    },
    {
      "id": 47,
      "index": 674,
      "char": "/",
      "width": 20,
      "height": 51,
      "xoffset": 1,
      "yoffset": -1.9,
      "xadvance": 21.588,
      "chnl": 15,
      "x": 38,
      "y": 0,
      "page": 0
    },
    {
      "id": 91,
      "index": 718,
      "char": "[",
      "width": 13,
      "height": 51,
      "xoffset": 4,
      "yoffset": -0.8999999999999999,
      "xadvance": 20.37,
      "chnl": 15,
      "x": 59,
      "y": 0,
      "page": 0
    },
    {
      "id": 92,
      "index": 719,
      "char": "\\",
      "width": 21,
      "height": 51,
      "xoffset": 5,
      "yoffset": -1.9,
      "xadvance": 30.114,
      "chnl": 15,
      "x": 73,
      "y": 0,
      "page": 0
    },
    {
      "id": 93,
      "index": 720,
      "char": "]",
      "width": 13,
      "height": 51,
      "xoffset": 3,
      "yoffset": -0.8999999999999999,
      "xadvance": 20.328,
      "chnl": 15,
      "x": 95,
      "y": 0,
      "page": 0
    },
    {
      "id": 123,
      "index": 750,
      "char": "{",
      "width": 17,
      "height": 51,
      "xoffset": 3,
      "yoffset": -0.8999999999999999,
      "xadvance": 21.672,
      "chnl": 15,
      "x": 109,
      "y": 0,
      "page": 0
    },
    {
      "id": 125,
      "index": 752,
      "char": "}",
      "width": 17,
      "height": 51,
      "xoffset": 2,
      "yoffset": -0.8999999999999999,
      "xadvance": 21.672,
      "chnl": 15,
      "x": 0,
      "y": 52,
      "page": 0
    },
    {
      "id": 106,
      "index": 733,
      "char": "j",
      "width": 14,
      "height": 47,
      "xoffset": -3,
      "yoffset": 6.1,
      "xadvance": 11.088,
      "chnl": 15,
      "x": 18,
      "y": 52,
      "page": 0
    },
    {
      "id": 87,
      "index": 714,
      "char": "W",
      "width": 44,
      "height": 33,
      "xoffset": -1,
      "yoffset": 9.1,
      "xadvance": 41.958,
      "chnl": 15,
      "x": 33,
      "y": 52,
      "page": 0
    },
    {
      "id": 109,
      "index": 736,
      "char": "m",
      "width": 42,
      "height": 28,
      "xoffset": 1,
      "yoffset": 14.100000000000001,
      "xadvance": 43.638,
      "chnl": 15,
      "x": 18,
      "y": 100,
      "page": 0
    },
    {
      "id": 124,
      "index": 751,
      "char": "|",
      "width": 9,
      "height": 42,
      "xoffset": 2,
      "yoffset": 4.1,
      "xadvance": 13.608,
      "chnl": 15,
      "x": 61,
      "y": 86,
      "page": 0
    },
    {
      "id": 36,
      "index": 663,
      "char": "$",
      "width": 24,
      "height": 41,
      "xoffset": 1,
      "yoffset": 5.1,
      "xadvance": 27.3,
      "chnl": 15,
      "x": 71,
      "y": 86,
      "page": 0
    },
    {
      "id": 64,
      "index": 691,
      "char": "@",
      "width": 41,
      "height": 40,
      "xoffset": 1,
      "yoffset": 11.1,
      "xadvance": 43.05,
      "chnl": 15,
      "x": 96,
      "y": 52,
      "page": 0
    },
    {
      "id": 81,
      "index": 708,
      "char": "Q",
      "width": 34,
      "height": 39,
      "xoffset": 0,
      "yoffset": 8.1,
      "xadvance": 33.054,
      "chnl": 15,
      "x": 127,
      "y": 0,
      "page": 0
    },
    {
      "id": 103,
      "index": 730,
      "char": "g",
      "width": 28,
      "height": 39,
      "xoffset": 0,
      "yoffset": 14.100000000000001,
      "xadvance": 28.476,
      "chnl": 15,
      "x": 138,
      "y": 40,
      "page": 0
    },
    {
      "id": 112,
      "index": 739,
      "char": "p",
      "width": 28,
      "height": 39,
      "xoffset": 1,
      "yoffset": 14.100000000000001,
      "xadvance": 28.476,
      "chnl": 15,
      "x": 162,
      "y": 0,
      "page": 0
    },
    {
      "id": 113,
      "index": 740,
      "char": "q",
      "width": 28,
      "height": 39,
      "xoffset": 0,
      "yoffset": 14.100000000000001,
      "xadvance": 28.476,
      "chnl": 15,
      "x": 138,
      "y": 80,
      "page": 0
    },
    {
      "id": 119,
      "index": 746,
      "char": "w",
      "width": 38,
      "height": 27,
      "xoffset": -2,
      "yoffset": 15.100000000000001,
      "xadvance": 34.65,
      "chnl": 15,
      "x": 96,
      "y": 93,
      "page": 0
    },
    {
      "id": 121,
      "index": 748,
      "char": "y",
      "width": 28,
      "height": 38,
      "xoffset": -2,
      "yoffset": 15.100000000000001,
      "xadvance": 24.444,
      "chnl": 15,
      "x": 191,
      "y": 0,
      "page": 0
    },
    {
      "id": 35,
      "index": 662,
      "char": "#",
      "width": 37,
      "height": 35,
      "xoffset": -1,
      "yoffset": 7.1,
      "xadvance": 36.624,
      "chnl": 15,
      "x": 191,
      "y": 39,
      "page": 0
    },
    {
      "id": 51,
      "index": 678,
      "char": "3",
      "width": 24,
      "height": 36,
      "xoffset": 0,
      "yoffset": 7.1,
      "xadvance": 24.948,
      "chnl": 15,
      "x": 220,
      "y": 0,
      "page": 0
    },
    {
      "id": 56,
      "index": 683,
      "char": "8",
      "width": 26,
      "height": 36,
      "xoffset": 1,
      "yoffset": 7.1,
      "xadvance": 26.796,
      "chnl": 15,
      "x": 229,
      "y": 37,
      "page": 0
    },
    {
      "id": 102,
      "index": 729,
      "char": "f",
      "width": 16,
      "height": 36,
      "xoffset": -1,
      "yoffset": 6.1,
      "xadvance": 13.944,
      "chnl": 15,
      "x": 167,
      "y": 40,
      "page": 0
    },
    {
      "id": 105,
      "index": 732,
      "char": "i",
      "width": 10,
      "height": 36,
      "xoffset": 1,
      "yoffset": 6.1,
      "xadvance": 11.088,
      "chnl": 15,
      "x": 245,
      "y": 0,
      "page": 0
    },
    {
      "id": 48,
      "index": 675,
      "char": "0",
      "width": 26,
      "height": 35,
      "xoffset": 1,
      "yoffset": 7.1,
      "xadvance": 26.922,
      "chnl": 15,
      "x": 229,
      "y": 74,
      "page": 0
    },
    {
      "id": 49,
      "index": 676,
      "char": "1",
      "width": 13,
      "height": 35,
      "xoffset": 0,
      "yoffset": 7.1,
      "xadvance": 14.7,
      "chnl": 15,
      "x": 167,
      "y": 77,
      "page": 0
    },
    {
      "id": 50,
      "index": 677,
      "char": "2",
      "width": 24,
      "height": 35,
      "xoffset": 0,
      "yoffset": 7.1,
      "xadvance": 24.234,
      "chnl": 15,
      "x": 181,
      "y": 77,
      "page": 0
    },
    {
      "id": 53,
      "index": 680,
      "char": "5",
      "width": 25,
      "height": 35,
      "xoffset": 1,
      "yoffset": 7.1,
      "xadvance": 26.838,
      "chnl": 15,
      "x": 206,
      "y": 110,
      "page": 0
    },
    {
      "id": 54,
      "index": 681,
      "char": "6",
      "width": 25,
      "height": 35,
      "xoffset": 1,
      "yoffset": 7.1,
      "xadvance": 26.964,
      "chnl": 15,
      "x": 167,
      "y": 113,
      "page": 0
    },
    {
      "id": 57,
      "index": 684,
      "char": "9",
      "width": 25,
      "height": 35,
      "xoffset": 1,
      "yoffset": 7.1,
      "xadvance": 26.67,
      "chnl": 15,
      "x": 135,
      "y": 120,
      "page": 0
    },
    {
      "id": 77,
      "index": 704,
      "char": "M",
      "width": 35,
      "height": 33,
      "xoffset": 1,
      "yoffset": 9.1,
      "xadvance": 37.044,
      "chnl": 15,
      "x": 96,
      "y": 121,
      "page": 0
    },
    {
      "id": 98,
      "index": 725,
      "char": "b",
      "width": 28,
      "height": 35,
      "xoffset": 1,
      "yoffset": 7.1,
      "xadvance": 28.476,
      "chnl": 15,
      "x": 193,
      "y": 146,
      "page": 0
    },
    {
      "id": 100,
      "index": 727,
      "char": "d",
      "width": 28,
      "height": 35,
      "xoffset": 0,
      "yoffset": 7.1,
      "xadvance": 28.476,
      "chnl": 15,
      "x": 161,
      "y": 149,
      "page": 0
    },
    {
      "id": 104,
      "index": 731,
      "char": "h",
      "width": 25,
      "height": 35,
      "xoffset": 1,
      "yoffset": 7.1,
      "xadvance": 27.258,
      "chnl": 15,
      "x": 222,
      "y": 146,
      "page": 0
    },
    {
      "id": 107,
      "index": 734,
      "char": "k",
      "width": 24,
      "height": 35,
      "xoffset": 1,
      "yoffset": 7.1,
      "xadvance": 23.268,
      "chnl": 15,
      "x": 71,
      "y": 128,
      "page": 0
    },
    {
      "id": 108,
      "index": 735,
      "char": "l",
      "width": 9,
      "height": 35,
      "xoffset": 1,
      "yoffset": 7.1,
      "xadvance": 11.088,
      "chnl": 15,
      "x": 232,
      "y": 110,
      "page": 0
    },
    {
      "id": 37,
      "index": 664,
      "char": "%",
      "width": 34,
      "height": 34,
      "xoffset": 0,
      "yoffset": 8.1,
      "xadvance": 33.348,
      "chnl": 15,
      "x": 96,
      "y": 155,
      "page": 0
    },
    {
      "id": 38,
      "index": 665,
      "char": "&",
      "width": 34,
      "height": 34,
      "xoffset": -1,
      "yoffset": 8.1,
      "xadvance": 31.962,
      "chnl": 15,
      "x": 190,
      "y": 182,
      "page": 0
    },
    {
      "id": 52,
      "index": 679,
      "char": "4",
      "width": 28,
      "height": 34,
      "xoffset": 0,
      "yoffset": 8.1,
      "xadvance": 27.174,
      "chnl": 15,
      "x": 131,
      "y": 156,
      "page": 0
    },
    {
      "id": 55,
      "index": 682,
      "char": "7",
      "width": 24,
      "height": 34,
      "xoffset": 0,
      "yoffset": 8.1,
      "xadvance": 23.52,
      "chnl": 15,
      "x": 0,
      "y": 217,
      "page": 0
    },
    {
      "id": 63,
      "index": 690,
      "char": "?",
      "width": 23,
      "height": 34,
      "xoffset": 0,
      "yoffset": 8.1,
      "xadvance": 22.596,
      "chnl": 15,
      "x": 25,
      "y": 217,
      "page": 0
    },
    {
      "id": 67,
      "index": 694,
      "char": "C",
      "width": 32,
      "height": 34,
      "xoffset": 0,
      "yoffset": 8.1,
      "xadvance": 32.466,
      "chnl": 15,
      "x": 49,
      "y": 217,
      "page": 0
    },
    {
      "id": 71,
      "index": 698,
      "char": "G",
      "width": 33,
      "height": 34,
      "xoffset": 0,
      "yoffset": 8.1,
      "xadvance": 32.466,
      "chnl": 15,
      "x": 82,
      "y": 217,
      "page": 0
    },
    {
      "id": 79,
      "index": 706,
      "char": "O",
      "width": 34,
      "height": 34,
      "xoffset": 0,
      "yoffset": 8.1,
      "xadvance": 32.928,
      "chnl": 15,
      "x": 116,
      "y": 217,
      "page": 0
    },
    {
      "id": 83,
      "index": 710,
      "char": "S",
      "width": 24,
      "height": 34,
      "xoffset": 0,
      "yoffset": 8.1,
      "xadvance": 25.368,
      "chnl": 15,
      "x": 160,
      "y": 185,
      "page": 0
    },
    {
      "id": 33,
      "index": 660,
      "char": "!",
      "width": 10,
      "height": 33,
      "xoffset": 2,
      "yoffset": 9.1,
      "xadvance": 13.482,
      "chnl": 15,
      "x": 78,
      "y": 52,
      "page": 0
    },
    {
      "id": 59,
      "index": 686,
      "char": ";",
      "width": 12,
      "height": 33,
      "xoffset": -1,
      "yoffset": 15.100000000000001,
      "xadvance": 12.768,
      "chnl": 15,
      "x": 206,
      "y": 75,
      "page": 0
    },
    {
      "id": 65,
      "index": 692,
      "char": "A",
      "width": 30,
      "height": 33,
      "xoffset": -1,
      "yoffset": 9.1,
      "xadvance": 29.274,
      "chnl": 15,
      "x": 225,
      "y": 182,
      "page": 0
    },
    {
      "id": 66,
      "index": 693,
      "char": "B",
      "width": 25,
      "height": 33,
      "xoffset": 1,
      "yoffset": 9.1,
      "xadvance": 26.46,
      "chnl": 15,
      "x": 151,
      "y": 220,
      "page": 0
    },
    {
      "id": 68,
      "index": 695,
      "char": "D",
      "width": 29,
      "height": 33,
      "xoffset": 1,
      "yoffset": 9.1,
      "xadvance": 29.778,
      "chnl": 15,
      "x": 225,
      "y": 216,
      "page": 0
    },
    {
      "id": 69,
      "index": 696,
      "char": "E",
      "width": 20,
      "height": 33,
      "xoffset": 1,
      "yoffset": 9.1,
      "xadvance": 22.008,
      "chnl": 15,
      "x": 177,
      "y": 220,
      "page": 0
    },
    {
      "id": 70,
      "index": 697,
      "char": "F",
      "width": 21,
      "height": 33,
      "xoffset": 1,
      "yoffset": 9.1,
      "xadvance": 21.63,
      "chnl": 15,
      "x": 198,
      "y": 217,
      "page": 0
    },
    {
      "id": 72,
      "index": 699,
      "char": "H",
      "width": 27,
      "height": 33,
      "xoffset": 1,
      "yoffset": 9.1,
      "xadvance": 29.61,
      "chnl": 15,
      "x": 0,
      "y": 164,
      "page": 0
    },
    {
      "id": 73,
      "index": 700,
      "char": "I",
      "width": 9,
      "height": 33,
      "xoffset": 1,
      "yoffset": 9.1,
      "xadvance": 11.088,
      "chnl": 15,
      "x": 219,
      "y": 75,
      "page": 0
    },
    {
      "id": 74,
      "index": 701,
      "char": "J",
      "width": 21,
      "height": 33,
      "xoffset": 0,
      "yoffset": 9.1,
      "xadvance": 23.688,
      "chnl": 15,
      "x": 0,
      "y": 129,
      "page": 0
    },
    {
      "id": 75,
      "index": 702,
      "char": "K",
      "width": 26,
      "height": 33,
      "xoffset": 1,
      "yoffset": 9.1,
      "xadvance": 26.586,
      "chnl": 15,
      "x": 22,
      "y": 129,
      "page": 0
    },
    {
      "id": 76,
      "index": 703,
      "char": "L",
      "width": 19,
      "height": 33,
      "xoffset": 1,
      "yoffset": 9.1,
      "xadvance": 18.648,
      "chnl": 15,
      "x": 49,
      "y": 129,
      "page": 0
    },
    {
      "id": 78,
      "index": 705,
      "char": "N",
      "width": 28,
      "height": 33,
      "xoffset": 1,
      "yoffset": 9.1,
      "xadvance": 30.282,
      "chnl": 15,
      "x": 28,
      "y": 163,
      "page": 0
    },
    {
      "id": 80,
      "index": 707,
      "char": "P",
      "width": 24,
      "height": 33,
      "xoffset": 1,
      "yoffset": 9.1,
      "xadvance": 24.99,
      "chnl": 15,
      "x": 57,
      "y": 164,
      "page": 0
    },
    {
      "id": 82,
      "index": 709,
      "char": "R",
      "width": 25,
      "height": 33,
      "xoffset": 1,
      "yoffset": 9.1,
      "xadvance": 26.544,
      "chnl": 15,
      "x": 242,
      "y": 110,
      "page": 0
    },
    {
      "id": 84,
      "index": 711,
      "char": "T",
      "width": 24,
      "height": 33,
      "xoffset": 0,
      "yoffset": 9.1,
      "xadvance": 23.688,
      "chnl": 15,
      "x": 248,
      "y": 144,
      "page": 0
    },
    {
      "id": 85,
      "index": 712,
      "char": "U",
      "width": 27,
      "height": 33,
      "xoffset": 1,
      "yoffset": 9.1,
      "xadvance": 28.98,
      "chnl": 15,
      "x": 255,
      "y": 216,
      "page": 0
    },
    {
      "id": 86,
      "index": 713,
      "char": "V",
      "width": 32,
      "height": 33,
      "xoffset": -1,
      "yoffset": 9.1,
      "xadvance": 29.148,
      "chnl": 15,
      "x": 256,
      "y": 178,
      "page": 0
    },
    {
      "id": 88,
      "index": 715,
      "char": "X",
      "width": 28,
      "height": 33,
      "xoffset": 0,
      "yoffset": 9.1,
      "xadvance": 27.72,
      "chnl": 15,
      "x": 283,
      "y": 212,
      "page": 0
    },
    {
      "id": 89,
      "index": 716,
      "char": "Y",
      "width": 28,
      "height": 33,
      "xoffset": -1,
      "yoffset": 9.1,
      "xadvance": 25.41,
      "chnl": 15,
      "x": 256,
      "y": 0,
      "page": 0
    },
    {
      "id": 90,
      "index": 717,
      "char": "Z",
      "width": 23,
      "height": 33,
      "xoffset": 0,
      "yoffset": 9.1,
      "xadvance": 23.436,
      "chnl": 15,
      "x": 256,
      "y": 34,
      "page": 0
    },
    {
      "id": 116,
      "index": 743,
      "char": "t",
      "width": 17,
      "height": 33,
      "xoffset": -1,
      "yoffset": 9.1,
      "xadvance": 15.624,
      "chnl": 15,
      "x": 256,
      "y": 68,
      "page": 0
    },
    {
      "id": 58,
      "index": 685,
      "char": ":",
      "width": 10,
      "height": 28,
      "xoffset": 0,
      "yoffset": 15.100000000000001,
      "xadvance": 10.29,
      "chnl": 15,
      "x": 193,
      "y": 113,
      "page": 0
    },
    {
      "id": 94,
      "index": 721,
      "char": "^",
      "width": 28,
      "height": 26,
      "xoffset": 0,
      "yoffset": 9.1,
      "xadvance": 27.468,
      "chnl": 15,
      "x": 82,
      "y": 190,
      "page": 0
    },
    {
      "id": 97,
      "index": 724,
      "char": "a",
      "width": 28,
      "height": 28,
      "xoffset": 0,
      "yoffset": 14.100000000000001,
      "xadvance": 28.476,
      "chnl": 15,
      "x": 268,
      "y": 102,
      "page": 0
    },
    {
      "id": 99,
      "index": 726,
      "char": "c",
      "width": 26,
      "height": 28,
      "xoffset": 0,
      "yoffset": 14.100000000000001,
      "xadvance": 25.2,
      "chnl": 15,
      "x": 274,
      "y": 68,
      "page": 0
    },
    {
      "id": 101,
      "index": 728,
      "char": "e",
      "width": 27,
      "height": 28,
      "xoffset": 0,
      "yoffset": 14.100000000000001,
      "xadvance": 25.914,
      "chnl": 15,
      "x": 280,
      "y": 34,
      "page": 0
    },
    {
      "id": 110,
      "index": 737,
      "char": "n",
      "width": 25,
      "height": 28,
      "xoffset": 1,
      "yoffset": 14.100000000000001,
      "xadvance": 27.258,
      "chnl": 15,
      "x": 285,
      "y": 0,
      "page": 0
    },
    {
      "id": 111,
      "index": 738,
      "char": "o",
      "width": 28,
      "height": 28,
      "xoffset": 0,
      "yoffset": 14.100000000000001,
      "xadvance": 26.796,
      "chnl": 15,
      "x": 273,
      "y": 131,
      "page": 0
    },
    {
      "id": 114,
      "index": 741,
      "char": "r",
      "width": 16,
      "height": 28,
      "xoffset": 1,
      "yoffset": 14.100000000000001,
      "xadvance": 16.128,
      "chnl": 15,
      "x": 297,
      "y": 97,
      "page": 0
    },
    {
      "id": 115,
      "index": 742,
      "char": "s",
      "width": 23,
      "height": 28,
      "xoffset": 0,
      "yoffset": 14.100000000000001,
      "xadvance": 22.428,
      "chnl": 15,
      "x": 301,
      "y": 63,
      "page": 0
    },
    {
      "id": 95,
      "index": 722,
      "char": "_",
      "width": 27,
      "height": 8,
      "xoffset": 3,
      "yoffset": 40.1,
      "xadvance": 33.516,
      "chnl": 15,
      "x": 33,
      "y": 86,
      "page": 0
    },
    {
      "id": 117,
      "index": 744,
      "char": "u",
      "width": 25,
      "height": 27,
      "xoffset": 1,
      "yoffset": 15.100000000000001,
      "xadvance": 27.258,
      "chnl": 15,
      "x": 308,
      "y": 29,
      "page": 0
    },
    {
      "id": 118,
      "index": 745,
      "char": "v",
      "width": 27,
      "height": 27,
      "xoffset": -2,
      "yoffset": 15.100000000000001,
      "xadvance": 24.192,
      "chnl": 15,
      "x": 311,
      "y": 0,
      "page": 0
    },
    {
      "id": 120,
      "index": 747,
      "char": "x",
      "width": 24,
      "height": 27,
      "xoffset": -2,
      "yoffset": 15.100000000000001,
      "xadvance": 20.958,
      "chnl": 15,
      "x": 289,
      "y": 160,
      "page": 0
    },
    {
      "id": 122,
      "index": 749,
      "char": "z",
      "width": 20,
      "height": 27,
      "xoffset": 0,
      "yoffset": 15.100000000000001,
      "xadvance": 19.782,
      "chnl": 15,
      "x": 302,
      "y": 126,
      "page": 0
    },
    {
      "id": 61,
      "index": 688,
      "char": "=",
      "width": 26,
      "height": 18,
      "xoffset": 3,
      "yoffset": 16.1,
      "xadvance": 32.508,
      "chnl": 15,
      "x": 0,
      "y": 198,
      "page": 0
    },
    {
      "id": 43,
      "index": 670,
      "char": "+",
      "width": 25,
      "height": 25,
      "xoffset": 2,
      "yoffset": 12.100000000000001,
      "xadvance": 29.988,
      "chnl": 15,
      "x": 111,
      "y": 191,
      "page": 0
    },
    {
      "id": 126,
      "index": 753,
      "char": "~",
      "width": 24,
      "height": 11,
      "xoffset": 0,
      "yoffset": 21.1,
      "xadvance": 23.226,
      "chnl": 15,
      "x": 28,
      "y": 197,
      "page": 0
    },
    {
      "id": 60,
      "index": 687,
      "char": "<",
      "width": 20,
      "height": 23,
      "xoffset": 2,
      "yoffset": 13.100000000000001,
      "xadvance": 25.704,
      "chnl": 15,
      "x": 289,
      "y": 188,
      "page": 0
    },
    {
      "id": 62,
      "index": 689,
      "char": ">",
      "width": 20,
      "height": 23,
      "xoffset": 3,
      "yoffset": 13.100000000000001,
      "xadvance": 24.78,
      "chnl": 15,
      "x": 310,
      "y": 188,
      "page": 0
    },
    {
      "id": 45,
      "index": 672,
      "char": "-",
      "width": 21,
      "height": 8,
      "xoffset": 2,
      "yoffset": 21.1,
      "xadvance": 24.57,
      "chnl": 15,
      "x": 137,
      "y": 191,
      "page": 0
    },
    {
      "id": 42,
      "index": 669,
      "char": "*",
      "width": 20,
      "height": 20,
      "xoffset": 1,
      "yoffset": 7.1,
      "xadvance": 21.168,
      "chnl": 15,
      "x": 314,
      "y": 92,
      "page": 0
    },
    {
      "id": 44,
      "index": 671,
      "char": ",",
      "width": 12,
      "height": 16,
      "xoffset": -2,
      "yoffset": 32.1,
      "xadvance": 9.45,
      "chnl": 15,
      "x": 137,
      "y": 200,
      "page": 0
    },
    {
      "id": 34,
      "index": 661,
      "char": "\"",
      "width": 15,
      "height": 13,
      "xoffset": -1,
      "yoffset": 5.1,
      "xadvance": 13.566,
      "chnl": 15,
      "x": 273,
      "y": 160,
      "page": 0
    },
    {
      "id": 39,
      "index": 666,
      "char": "'",
      "width": 8,
      "height": 13,
      "xoffset": -1,
      "yoffset": 5.1,
      "xadvance": 7.224,
      "chnl": 15,
      "x": 151,
      "y": 200,
      "page": 0
    },
    {
      "id": 96,
      "index": 723,
      "char": "`",
      "width": 13,
      "height": 13,
      "xoffset": -2,
      "yoffset": 5.1,
      "xadvance": 10.668,
      "chnl": 15,
      "x": 82,
      "y": 164,
      "page": 0
    },
    {
      "id": 46,
      "index": 673,
      "char": ".",
      "width": 10,
      "height": 10,
      "xoffset": 0,
      "yoffset": 32.1,
      "xadvance": 10.122,
      "chnl": 15,
      "x": 127,
      "y": 40,
      "page": 0
    },
    {
      "id": 32,
      "index": 3,
      "char": " ",
      "width": 0,
      "height": 0,
      "xoffset": -2,
      "yoffset": 38.1,
      "xadvance": 10.92,
      "chnl": 15,
      "x": 131,
      "y": 155,
      "page": 0
    }
  ],
  "info": {
    "face": "Poppins-Medium",
    "size": 42,
    "bold": 0,
    "italic": 0,
    "charset": [
      " ",
      "!",
      "\"",
      "#",
      "$",
      "%",
      "&",
      "'",
      "(",
      ")",
      "*",
      "+",
      ",",
      "-",
      ".",
      "/",
      "0",
      "1",
      "2",
      "3",
      "4",
      "5",
      "6",
      "7",
      "8",
      "9",
      ":",
      ";",
      "<",
      "=",
      ">",
      "?",
      "@",
      "A",
      "B",
      "C",
      "D",
      "E",
      "F",
      "G",
      "H",
      "I",
      "J",
      "K",
      "L",
      "M",
      "N",
      "O",
      "P",
      "Q",
      "R",
      "S",
      "T",
      "U",
      "V",
      "W",
      "X",
      "Y",
      "Z",
      "[",
      "\\",
      "]",
      "^",
      "_",
      "`",
      "a",
      "b",
      "c",
      "d",
      "e",
      "f",
      "g",
      "h",
      "i",
      "j",
      "k",
      "l",
      "m",
      "n",
      "o",
      "p",
      "q",
      "r",
      "s",
      "t",
      "u",
      "v",
      "w",
      "x",
      "y",
      "z",
      "{",
      "|",
      "}",
      "~"
    ],
    "unicode": 1,
    "stretchH": 100,
    "smooth": 1,
    "aa": 1,
    "padding": [
      2,
      2,
      2,
      2
    ],
    "spacing": [
      0,
      0
    ],
    "outline": 0
  },
  "common": {
    "lineHeight": 63,
    "base": 42.1,
    "scaleW": 512,
    "scaleH": 256,
    "pages": 1,
    "packed": 0,
    "alphaChnl": 0,
    "redChnl": 0,
    "greenChnl": 0,
    "blueChnl": 0
  },
  "distanceField": {
    "fieldType": "msdf",
    "distanceRange": 4
  },
  "kernings": [],
  "lightningMetrics": {
    "ascender": 1050,
    "descender": -350,
    "lineGap": 100,
    "unitsPerEm": 1000
  }
}