{
  "pages": [
    "Raleway-ExtraBold.png"
  ],
  "chars": [
    {
      "id": 87,
      "index": 206,
      "char": "W",
      "width": 49,
      "height": 34,
      "xoffset": -2,
      "yoffset": 3.4800000000000004,
      "xadvance": 44.31,
      "chnl": 15,
      "x": 0,
      "y": 0,
      "page": 0
    },
    {
      "id": 36,
      "index": 909,
      "char": "$",
      "width": 28,
      "height": 43,
      "xoffset": -1,
      "yoffset": -0.52,
      "xadvance": 26.922,
      "chnl": 15,
      "x": 50,
      "y": 0,
      "page": 0
    },
    {
      "id": 106,
      "index": 323,
      "char": "j",
      "width": 18,
      "height": 43,
      "xoffset": -7,
      "yoffset": 2.4800000000000004,
      "xadvance": 11.508,
      "chnl": 15,
      "x": 79,
      "y": 0,
      "page": 0
    },
    {
      "id": 124,
      "index": 967,
      "char": "|",
      "width": 10,
      "height": 42,
      "xoffset": 1,
      "yoffset": 0.4800000000000004,
      "xadvance": 12.222,
      "chnl": 15,
      "x": 98,
      "y": 0,
      "page": 0
    },
    {
      "id": 119,
      "index": 438,
      "char": "w",
      "width": 40,
      "height": 26,
      "xoffset": -2,
      "yoffset": 11.48,
      "xadvance": 35.7,
      "chnl": 15,
      "x": 0,
      "y": 35,
      "page": 0
    },
    {
      "id": 40,
      "index": 876,
      "char": "(",
      "width": 16,
      "height": 39,
      "xoffset": -1,
      "yoffset": 1.4800000000000004,
      "xadvance": 13.65,
      "chnl": 15,
      "x": 109,
      "y": 0,
      "page": 0
    },
    {
      "id": 41,
      "index": 877,
      "char": ")",
      "width": 16,
      "height": 39,
      "xoffset": -1,
      "yoffset": 1.4800000000000004,
      "xadvance": 13.608,
      "chnl": 15,
      "x": 109,
      "y": 40,
      "page": 0
    },
    {
      "id": 109,
      "index": 337,
      "char": "m",
      "width": 39,
      "height": 26,
      "xoffset": 0,
      "yoffset": 11.48,
      "xadvance": 39.27,
      "chnl": 15,
      "x": 0,
      "y": 80,
      "page": 0
    },
    {
      "id": 91,
      "index": 874,
      "char": "[",
      "width": 13,
      "height": 37,
      "xoffset": 1,
      "yoffset": 2.4800000000000004,
      "xadvance": 14.322,
      "chnl": 15,
      "x": 40,
      "y": 80,
      "page": 0
    },
    {
      "id": 93,
      "index": 875,
      "char": "]",
      "width": 13,
      "height": 37,
      "xoffset": 0,
      "yoffset": 2.4800000000000004,
      "xadvance": 14.322,
      "chnl": 15,
      "x": 54,
      "y": 80,
      "page": 0
    },
    {
      "id": 64,
      "index": 959,
      "char": "@",
      "width": 36,
      "height": 35,
      "xoffset": 0,
      "yoffset": 8.48,
      "xadvance": 35.616,
      "chnl": 15,
      "x": 41,
      "y": 44,
      "page": 0
    },
    {
      "id": 103,
      "index": 295,
      "char": "g",
      "width": 27,
      "height": 36,
      "xoffset": -1,
      "yoffset": 11.48,
      "xadvance": 26.88,
      "chnl": 15,
      "x": 78,
      "y": 44,
      "page": 0
    },
    {
      "id": 121,
      "index": 444,
      "char": "y",
      "width": 27,
      "height": 36,
      "xoffset": -2,
      "yoffset": 11.48,
      "xadvance": 23.184,
      "chnl": 15,
      "x": 68,
      "y": 81,
      "page": 0
    },
    {
      "id": 123,
      "index": 872,
      "char": "{",
      "width": 15,
      "height": 36,
      "xoffset": 0,
      "yoffset": 2.4800000000000004,
      "xadvance": 14.448,
      "chnl": 15,
      "x": 106,
      "y": 80,
      "page": 0
    },
    {
      "id": 125,
      "index": 873,
      "char": "}",
      "width": 15,
      "height": 36,
      "xoffset": 0,
      "yoffset": 2.4800000000000004,
      "xadvance": 14.448,
      "chnl": 15,
      "x": 122,
      "y": 80,
      "page": 0
    },
    {
      "id": 37,
      "index": 956,
      "char": "%",
      "width": 35,
      "height": 35,
      "xoffset": -1,
      "yoffset": 3.4800000000000004,
      "xadvance": 34.272,
      "chnl": 15,
      "x": 126,
      "y": 0,
      "page": 0
    },
    {
      "id": 38,
      "index": 960,
      "char": "&",
      "width": 33,
      "height": 35,
      "xoffset": 0,
      "yoffset": 3.4800000000000004,
      "xadvance": 30.618,
      "chnl": 15,
      "x": 126,
      "y": 36,
      "page": 0
    },
    {
      "id": 98,
      "index": 256,
      "char": "b",
      "width": 28,
      "height": 35,
      "xoffset": 0,
      "yoffset": 2.4800000000000004,
      "xadvance": 26.88,
      "chnl": 15,
      "x": 138,
      "y": 72,
      "page": 0
    },
    {
      "id": 100,
      "index": 264,
      "char": "d",
      "width": 29,
      "height": 35,
      "xoffset": -1,
      "yoffset": 2.4800000000000004,
      "xadvance": 27.468,
      "chnl": 15,
      "x": 160,
      "y": 36,
      "page": 0
    },
    {
      "id": 102,
      "index": 294,
      "char": "f",
      "width": 20,
      "height": 35,
      "xoffset": -1,
      "yoffset": 2.4800000000000004,
      "xadvance": 16.17,
      "chnl": 15,
      "x": 162,
      "y": 0,
      "page": 0
    },
    {
      "id": 104,
      "index": 302,
      "char": "h",
      "width": 25,
      "height": 35,
      "xoffset": 0,
      "yoffset": 2.4800000000000004,
      "xadvance": 25.704,
      "chnl": 15,
      "x": 183,
      "y": 0,
      "page": 0
    },
    {
      "id": 105,
      "index": 307,
      "char": "i",
      "width": 11,
      "height": 35,
      "xoffset": 0,
      "yoffset": 2.4800000000000004,
      "xadvance": 11.34,
      "chnl": 15,
      "x": 167,
      "y": 72,
      "page": 0
    },
    {
      "id": 107,
      "index": 326,
      "char": "k",
      "width": 26,
      "height": 35,
      "xoffset": 0,
      "yoffset": 2.4800000000000004,
      "xadvance": 23.898,
      "chnl": 15,
      "x": 209,
      "y": 0,
      "page": 0
    },
    {
      "id": 108,
      "index": 329,
      "char": "l",
      "width": 16,
      "height": 35,
      "xoffset": 0,
      "yoffset": 2.4800000000000004,
      "xadvance": 14.07,
      "chnl": 15,
      "x": 236,
      "y": 0,
      "page": 0
    },
    {
      "id": 112,
      "index": 383,
      "char": "p",
      "width": 27,
      "height": 35,
      "xoffset": 0,
      "yoffset": 11.48,
      "xadvance": 26.88,
      "chnl": 15,
      "x": 179,
      "y": 72,
      "page": 0
    },
    {
      "id": 113,
      "index": 385,
      "char": "q",
      "width": 27,
      "height": 35,
      "xoffset": -1,
      "yoffset": 11.48,
      "xadvance": 26.88,
      "chnl": 15,
      "x": 190,
      "y": 36,
      "page": 0
    },
    {
      "id": 33,
      "index": 860,
      "char": "!",
      "width": 11,
      "height": 34,
      "xoffset": 2,
      "yoffset": 3.4800000000000004,
      "xadvance": 13.986,
      "chnl": 15,
      "x": 207,
      "y": 72,
      "page": 0
    },
    {
      "id": 35,
      "index": 862,
      "char": "#",
      "width": 32,
      "height": 34,
      "xoffset": 0,
      "yoffset": 3.4800000000000004,
      "xadvance": 30.996,
      "chnl": 15,
      "x": 218,
      "y": 36,
      "page": 0
    },
    {
      "id": 47,
      "index": 869,
      "char": "/",
      "width": 33,
      "height": 34,
      "xoffset": -1,
      "yoffset": 3.4800000000000004,
      "xadvance": 30.87,
      "chnl": 15,
      "x": 219,
      "y": 71,
      "page": 0
    },
    {
      "id": 51,
      "index": 776,
      "char": "3",
      "width": 25,
      "height": 34,
      "xoffset": -1,
      "yoffset": 9.48,
      "xadvance": 23.898,
      "chnl": 15,
      "x": 219,
      "y": 106,
      "page": 0
    },
    {
      "id": 53,
      "index": 778,
      "char": "5",
      "width": 25,
      "height": 34,
      "xoffset": -1,
      "yoffset": 9.48,
      "xadvance": 23.436,
      "chnl": 15,
      "x": 0,
      "y": 107,
      "page": 0
    },
    {
      "id": 54,
      "index": 779,
      "char": "6",
      "width": 26,
      "height": 34,
      "xoffset": 0,
      "yoffset": 3.4800000000000004,
      "xadvance": 25.536,
      "chnl": 15,
      "x": 138,
      "y": 108,
      "page": 0
    },
    {
      "id": 55,
      "index": 780,
      "char": "7",
      "width": 27,
      "height": 34,
      "xoffset": -1,
      "yoffset": 8.48,
      "xadvance": 24.192,
      "chnl": 15,
      "x": 96,
      "y": 117,
      "page": 0
    },
    {
      "id": 56,
      "index": 781,
      "char": "8",
      "width": 26,
      "height": 34,
      "xoffset": 0,
      "yoffset": 3.4800000000000004,
      "xadvance": 25.494,
      "chnl": 15,
      "x": 165,
      "y": 108,
      "page": 0
    },
    {
      "id": 57,
      "index": 782,
      "char": "9",
      "width": 26,
      "height": 34,
      "xoffset": -1,
      "yoffset": 9.48,
      "xadvance": 24.738,
      "chnl": 15,
      "x": 192,
      "y": 108,
      "page": 0
    },
    {
      "id": 63,
      "index": 864,
      "char": "?",
      "width": 22,
      "height": 34,
      "xoffset": -1,
      "yoffset": 3.4800000000000004,
      "xadvance": 20.58,
      "chnl": 15,
      "x": 219,
      "y": 141,
      "page": 0
    },
    {
      "id": 65,
      "index": 1,
      "char": "A",
      "width": 32,
      "height": 34,
      "xoffset": -2,
      "yoffset": 3.4800000000000004,
      "xadvance": 28.14,
      "chnl": 15,
      "x": 26,
      "y": 118,
      "page": 0
    },
    {
      "id": 66,
      "index": 28,
      "char": "B",
      "width": 29,
      "height": 34,
      "xoffset": 1,
      "yoffset": 3.4800000000000004,
      "xadvance": 28.728,
      "chnl": 15,
      "x": 59,
      "y": 118,
      "page": 0
    },
    {
      "id": 67,
      "index": 29,
      "char": "C",
      "width": 31,
      "height": 34,
      "xoffset": -1,
      "yoffset": 3.4800000000000004,
      "xadvance": 28.896,
      "chnl": 15,
      "x": 0,
      "y": 176,
      "page": 0
    },
    {
      "id": 68,
      "index": 36,
      "char": "D",
      "width": 30,
      "height": 34,
      "xoffset": 1,
      "yoffset": 3.4800000000000004,
      "xadvance": 30.072,
      "chnl": 15,
      "x": 0,
      "y": 211,
      "page": 0
    },
    {
      "id": 69,
      "index": 42,
      "char": "E",
      "width": 25,
      "height": 34,
      "xoffset": 1,
      "yoffset": 3.4800000000000004,
      "xadvance": 25.158,
      "chnl": 15,
      "x": 31,
      "y": 211,
      "page": 0
    },
    {
      "id": 70,
      "index": 65,
      "char": "F",
      "width": 24,
      "height": 34,
      "xoffset": 1,
      "yoffset": 3.4800000000000004,
      "xadvance": 23.898,
      "chnl": 15,
      "x": 32,
      "y": 176,
      "page": 0
    },
    {
      "id": 71,
      "index": 66,
      "char": "G",
      "width": 32,
      "height": 34,
      "xoffset": -1,
      "yoffset": 3.4800000000000004,
      "xadvance": 30.744,
      "chnl": 15,
      "x": 57,
      "y": 176,
      "page": 0
    },
    {
      "id": 72,
      "index": 73,
      "char": "H",
      "width": 30,
      "height": 34,
      "xoffset": 1,
      "yoffset": 3.4800000000000004,
      "xadvance": 31.374,
      "chnl": 15,
      "x": 57,
      "y": 211,
      "page": 0
    },
    {
      "id": 73,
      "index": 78,
      "char": "I",
      "width": 11,
      "height": 34,
      "xoffset": 1,
      "yoffset": 3.4800000000000004,
      "xadvance": 12.6,
      "chnl": 15,
      "x": 245,
      "y": 106,
      "page": 0
    },
    {
      "id": 74,
      "index": 93,
      "char": "J",
      "width": 22,
      "height": 34,
      "xoffset": -2,
      "yoffset": 3.4800000000000004,
      "xadvance": 20.748,
      "chnl": 15,
      "x": 88,
      "y": 211,
      "page": 0
    },
    {
      "id": 75,
      "index": 95,
      "char": "K",
      "width": 30,
      "height": 34,
      "xoffset": 1,
      "yoffset": 3.4800000000000004,
      "xadvance": 28.518,
      "chnl": 15,
      "x": 90,
      "y": 176,
      "page": 0
    },
    {
      "id": 76,
      "index": 97,
      "char": "L",
      "width": 25,
      "height": 34,
      "xoffset": 1,
      "yoffset": 3.4800000000000004,
      "xadvance": 24.57,
      "chnl": 15,
      "x": 111,
      "y": 211,
      "page": 0
    },
    {
      "id": 77,
      "index": 105,
      "char": "M",
      "width": 34,
      "height": 34,
      "xoffset": 1,
      "yoffset": 3.4800000000000004,
      "xadvance": 36.12,
      "chnl": 15,
      "x": 121,
      "y": 176,
      "page": 0
    },
    {
      "id": 78,
      "index": 107,
      "char": "N",
      "width": 30,
      "height": 34,
      "xoffset": 1,
      "yoffset": 3.4800000000000004,
      "xadvance": 31.878,
      "chnl": 15,
      "x": 137,
      "y": 211,
      "page": 0
    },
    {
      "id": 79,
      "index": 116,
      "char": "O",
      "width": 34,
      "height": 34,
      "xoffset": -1,
      "yoffset": 3.4800000000000004,
      "xadvance": 31.92,
      "chnl": 15,
      "x": 156,
      "y": 176,
      "page": 0
    },
    {
      "id": 80,
      "index": 151,
      "char": "P",
      "width": 26,
      "height": 34,
      "xoffset": 1,
      "yoffset": 3.4800000000000004,
      "xadvance": 26.166,
      "chnl": 15,
      "x": 191,
      "y": 143,
      "page": 0
    },
    {
      "id": 81,
      "index": 153,
      "char": "Q",
      "width": 34,
      "height": 34,
      "xoffset": -1,
      "yoffset": 3.4800000000000004,
      "xadvance": 31.878,
      "chnl": 15,
      "x": 218,
      "y": 176,
      "page": 0
    },
    {
      "id": 82,
      "index": 154,
      "char": "R",
      "width": 29,
      "height": 34,
      "xoffset": 1,
      "yoffset": 3.4800000000000004,
      "xadvance": 28.14,
      "chnl": 15,
      "x": 168,
      "y": 211,
      "page": 0
    },
    {
      "id": 83,
      "index": 162,
      "char": "S",
      "width": 28,
      "height": 34,
      "xoffset": -1,
      "yoffset": 3.4800000000000004,
      "xadvance": 25.83,
      "chnl": 15,
      "x": 198,
      "y": 211,
      "page": 0
    },
    {
      "id": 84,
      "index": 175,
      "char": "T",
      "width": 29,
      "height": 34,
      "xoffset": -1,
      "yoffset": 3.4800000000000004,
      "xadvance": 26.082,
      "chnl": 15,
      "x": 227,
      "y": 211,
      "page": 0
    },
    {
      "id": 85,
      "index": 182,
      "char": "U",
      "width": 30,
      "height": 34,
      "xoffset": 0,
      "yoffset": 3.4800000000000004,
      "xadvance": 31.374,
      "chnl": 15,
      "x": 251,
      "y": 36,
      "page": 0
    },
    {
      "id": 86,
      "index": 205,
      "char": "V",
      "width": 33,
      "height": 34,
      "xoffset": -2,
      "yoffset": 3.4800000000000004,
      "xadvance": 28.308,
      "chnl": 15,
      "x": 242,
      "y": 141,
      "page": 0
    },
    {
      "id": 88,
      "index": 211,
      "char": "X",
      "width": 32,
      "height": 34,
      "xoffset": -2,
      "yoffset": 3.4800000000000004,
      "xadvance": 27.342,
      "chnl": 15,
      "x": 253,
      "y": 71,
      "page": 0
    },
    {
      "id": 89,
      "index": 212,
      "char": "Y",
      "width": 32,
      "height": 34,
      "xoffset": -2,
      "yoffset": 3.4800000000000004,
      "xadvance": 27.846,
      "chnl": 15,
      "x": 253,
      "y": 176,
      "page": 0
    },
    {
      "id": 90,
      "index": 222,
      "char": "Z",
      "width": 28,
      "height": 34,
      "xoffset": -1,
      "yoffset": 3.4800000000000004,
      "xadvance": 26.25,
      "chnl": 15,
      "x": 257,
      "y": 106,
      "page": 0
    },
    {
      "id": 92,
      "index": 854,
      "char": "\\",
      "width": 30,
      "height": 34,
      "xoffset": -1,
      "yoffset": 3.4800000000000004,
      "xadvance": 27.846,
      "chnl": 15,
      "x": 276,
      "y": 141,
      "page": 0
    },
    {
      "id": 52,
      "index": 777,
      "char": "4",
      "width": 26,
      "height": 33,
      "xoffset": -1,
      "yoffset": 9.48,
      "xadvance": 24.276,
      "chnl": 15,
      "x": 253,
      "y": 0,
      "page": 0
    },
    {
      "id": 116,
      "index": 406,
      "char": "t",
      "width": 20,
      "height": 33,
      "xoffset": -1,
      "yoffset": 4.48,
      "xadvance": 16.884,
      "chnl": 15,
      "x": 0,
      "y": 142,
      "page": 0
    },
    {
      "id": 59,
      "index": 868,
      "char": ";",
      "width": 10,
      "height": 31,
      "xoffset": 1,
      "yoffset": 11.48,
      "xadvance": 11.76,
      "chnl": 15,
      "x": 124,
      "y": 143,
      "page": 0
    },
    {
      "id": 48,
      "index": 773,
      "char": "0",
      "width": 26,
      "height": 29,
      "xoffset": 0,
      "yoffset": 8.48,
      "xadvance": 25.788,
      "chnl": 15,
      "x": 191,
      "y": 178,
      "page": 0
    },
    {
      "id": 49,
      "index": 774,
      "char": "1",
      "width": 23,
      "height": 28,
      "xoffset": 0,
      "yoffset": 9.48,
      "xadvance": 21.756,
      "chnl": 15,
      "x": 135,
      "y": 143,
      "page": 0
    },
    {
      "id": 50,
      "index": 775,
      "char": "2",
      "width": 25,
      "height": 28,
      "xoffset": -1,
      "yoffset": 9.48,
      "xadvance": 24.36,
      "chnl": 15,
      "x": 159,
      "y": 143,
      "page": 0
    },
    {
      "id": 60,
      "index": 939,
      "char": "<",
      "width": 22,
      "height": 28,
      "xoffset": -1,
      "yoffset": 10.48,
      "xadvance": 21.756,
      "chnl": 15,
      "x": 280,
      "y": 0,
      "page": 0
    },
    {
      "id": 62,
      "index": 938,
      "char": ">",
      "width": 22,
      "height": 28,
      "xoffset": 1,
      "yoffset": 10.48,
      "xadvance": 21.756,
      "chnl": 15,
      "x": 282,
      "y": 29,
      "page": 0
    },
    {
      "id": 101,
      "index": 270,
      "char": "e",
      "width": 28,
      "height": 27,
      "xoffset": -1,
      "yoffset": 11.48,
      "xadvance": 25.368,
      "chnl": 15,
      "x": 303,
      "y": 0,
      "page": 0
    },
    {
      "id": 111,
      "index": 348,
      "char": "o",
      "width": 28,
      "height": 27,
      "xoffset": -1,
      "yoffset": 11.48,
      "xadvance": 25.62,
      "chnl": 15,
      "x": 257,
      "y": 211,
      "page": 0
    },
    {
      "id": 97,
      "index": 229,
      "char": "a",
      "width": 27,
      "height": 27,
      "xoffset": -1,
      "yoffset": 11.48,
      "xadvance": 24.612,
      "chnl": 15,
      "x": 286,
      "y": 176,
      "page": 0
    },
    {
      "id": 99,
      "index": 257,
      "char": "c",
      "width": 26,
      "height": 27,
      "xoffset": -1,
      "yoffset": 11.48,
      "xadvance": 23.94,
      "chnl": 15,
      "x": 286,
      "y": 204,
      "page": 0
    },
    {
      "id": 115,
      "index": 394,
      "char": "s",
      "width": 23,
      "height": 27,
      "xoffset": -1,
      "yoffset": 11.48,
      "xadvance": 20.874,
      "chnl": 15,
      "x": 313,
      "y": 204,
      "page": 0
    },
    {
      "id": 117,
      "index": 414,
      "char": "u",
      "width": 27,
      "height": 26,
      "xoffset": 0,
      "yoffset": 11.48,
      "xadvance": 26.334,
      "chnl": 15,
      "x": 286,
      "y": 58,
      "page": 0
    },
    {
      "id": 118,
      "index": 437,
      "char": "v",
      "width": 27,
      "height": 26,
      "xoffset": -2,
      "yoffset": 11.48,
      "xadvance": 23.352,
      "chnl": 15,
      "x": 305,
      "y": 28,
      "page": 0
    },
    {
      "id": 120,
      "index": 443,
      "char": "x",
      "width": 27,
      "height": 26,
      "xoffset": -2,
      "yoffset": 11.48,
      "xadvance": 22.764,
      "chnl": 15,
      "x": 332,
      "y": 0,
      "page": 0
    },
    {
      "id": 58,
      "index": 857,
      "char": ":",
      "width": 9,
      "height": 26,
      "xoffset": 1,
      "yoffset": 11.48,
      "xadvance": 11.508,
      "chnl": 15,
      "x": 96,
      "y": 81,
      "page": 0
    },
    {
      "id": 94,
      "index": 974,
      "char": "^",
      "width": 26,
      "height": 21,
      "xoffset": 0,
      "yoffset": 3.4800000000000004,
      "xadvance": 25.368,
      "chnl": 15,
      "x": 21,
      "y": 153,
      "page": 0
    },
    {
      "id": 110,
      "index": 339,
      "char": "n",
      "width": 25,
      "height": 26,
      "xoffset": 0,
      "yoffset": 11.48,
      "xadvance": 25.704,
      "chnl": 15,
      "x": 286,
      "y": 85,
      "page": 0
    },
    {
      "id": 114,
      "index": 386,
      "char": "r",
      "width": 18,
      "height": 26,
      "xoffset": 0,
      "yoffset": 11.48,
      "xadvance": 16.8,
      "chnl": 15,
      "x": 286,
      "y": 112,
      "page": 0
    },
    {
      "id": 122,
      "index": 454,
      "char": "z",
      "width": 23,
      "height": 26,
      "xoffset": -1,
      "yoffset": 11.48,
      "xadvance": 20.748,
      "chnl": 15,
      "x": 305,
      "y": 112,
      "page": 0
    },
    {
      "id": 126,
      "index": 944,
      "char": "~",
      "width": 24,
      "height": 10,
      "xoffset": 0,
      "yoffset": 18.48,
      "xadvance": 24.654,
      "chnl": 15,
      "x": 0,
      "y": 246,
      "page": 0
    },
    {
      "id": 95,
      "index": 870,
      "char": "_",
      "width": 19,
      "height": 10,
      "xoffset": 0,
      "yoffset": 33.48,
      "xadvance": 19.278,
      "chnl": 15,
      "x": 25,
      "y": 246,
      "page": 0
    },
    {
      "id": 43,
      "index": 932,
      "char": "+",
      "width": 18,
      "height": 18,
      "xoffset": 0,
      "yoffset": 11.48,
      "xadvance": 17.808,
      "chnl": 15,
      "x": 48,
      "y": 153,
      "page": 0
    },
    {
      "id": 34,
      "index": 866,
      "char": "\"",
      "width": 17,
      "height": 14,
      "xoffset": 0,
      "yoffset": 3.4800000000000004,
      "xadvance": 18.102,
      "chnl": 15,
      "x": 0,
      "y": 62,
      "page": 0
    },
    {
      "id": 44,
      "index": 858,
      "char": ",",
      "width": 10,
      "height": 17,
      "xoffset": 0,
      "yoffset": 26.48,
      "xadvance": 10.206,
      "chnl": 15,
      "x": 257,
      "y": 239,
      "page": 0
    },
    {
      "id": 45,
      "index": 882,
      "char": "-",
      "width": 17,
      "height": 10,
      "xoffset": 0,
      "yoffset": 18.48,
      "xadvance": 17.472,
      "chnl": 15,
      "x": 45,
      "y": 246,
      "page": 0
    },
    {
      "id": 61,
      "index": 936,
      "char": "=",
      "width": 17,
      "height": 17,
      "xoffset": 0,
      "yoffset": 15.48,
      "xadvance": 18.27,
      "chnl": 15,
      "x": 18,
      "y": 62,
      "page": 0
    },
    {
      "id": 42,
      "index": 853,
      "char": "*",
      "width": 15,
      "height": 14,
      "xoffset": 0,
      "yoffset": 3.4800000000000004,
      "xadvance": 14.868,
      "chnl": 15,
      "x": 268,
      "y": 239,
      "page": 0
    },
    {
      "id": 39,
      "index": 867,
      "char": "'",
      "width": 10,
      "height": 14,
      "xoffset": 0,
      "yoffset": 3.4800000000000004,
      "xadvance": 10.5,
      "chnl": 15,
      "x": 124,
      "y": 117,
      "page": 0
    },
    {
      "id": 96,
      "index": 1020,
      "char": "`",
      "width": 12,
      "height": 11,
      "xoffset": 0,
      "yoffset": 2.4800000000000004,
      "xadvance": 11.298,
      "chnl": 15,
      "x": 284,
      "y": 239,
      "page": 0
    },
    {
      "id": 46,
      "index": 863,
      "char": ".",
      "width": 10,
      "height": 11,
      "xoffset": 0,
      "yoffset": 26.48,
      "xadvance": 10.038,
      "chnl": 15,
      "x": 67,
      "y": 153,
      "page": 0
    },
    {
      "id": 32,
      "index": 900,
      "char": " ",
      "width": 0,
      "height": 0,
      "xoffset": -2,
      "yoffset": 33.48,
      "xadvance": 9.786,
      "chnl": 15,
      "x": 98,
      "y": 43,
      "page": 0
    }
  ],
  "info": {
    "face": "Raleway-ExtraBold",
    "size": 42,
    "bold": 0,
    "italic": 0,
    "charset": [
      " ",
      "!",
      "\"",
      "#",
      "$",
      "%",
      "&",
      "'",
      "(",
      ")",
      "*",
      "+",
      ",",
      "-",
      ".",
      "/",
      "0",
      "1",
      "2",
      "3",
      "4",
      "5",
      "6",
      "7",
      "8",
      "9",
      ":",
      ";",
      "<",
      "=",
      ">",
      "?",
      "@",
      "A",
      "B",
      "C",
      "D",
      "E",
      "F",
      "G",
      "H",
      "I",
      "J",
      "K",
      "L",
      "M",
      "N",
      "O",
      "P",
      "Q",
      "R",
      "S",
      "T",
      "U",
      "V",
      "W",
      "X",
      "Y",
      "Z",
      "[",
      "\\",
      "]",
      "^",
      "_",
      "`",
      "a",
      "b",
      "c",
      "d",
      "e",
      "f",
      "g",
      "h",
      "i",
      "j",
      "k",
      "l",
      "m",
      "n",
      "o",
      "p",
      "q",
      "r",
      "s",
      "t",
      "u",
      "v",
      "w",
      "x",
      "y",
      "z",
      "{",
      "|",
      "}",
      "~"
    ],
    "unicode": 1,
    "stretchH": 100,
    "smooth": 1,
    "aa": 1,
    "padding": [
      2,
      2,
      2,
      2
    ],
    "spacing": [
      0,
      0
    ],
    "outline": 0
  },
  "common": {
    "lineHeight": 49.308,
    "base": 37.48,
    "scaleW": 512,
    "scaleH": 256,
    "pages": 1,
    "packed": 0,
    "alphaChnl": 0,
    "redChnl": 0,
    "greenChnl": 0,
    "blueChnl": 0
  },
  "distanceField": {
    "fieldType": "msdf",
    "distanceRange": 4
  },
  "kernings": [],
  "lightningMetrics": {
    "ascender": 940,
    "descender": -234,
    "lineGap": 0,
    "unitsPerEm": 1000
  }
}